time,west,east,gradient,dataset,latitude_half_width
1950-01-01,28.5863878512,23.6294561319,4.9569317193,ERSSTv5,3
1950-02-01,28.4718210114,24.7040082218,3.7678127896,ERSSTv5,3
1950-03-01,28.4337841284,25.9791342735,2.4546498549,ERSSTv5,3
1950-04-01,28.5619610392,26.0733258588,2.4886351803,ERSSTv5,3
1950-05-01,28.7172370493,25.6262619985,3.0909750508,ERSSTv5,3
1950-06-01,29.7818135559,25.5973261548,4.1844874011,ERSSTv5,3
1950-07-01,29.0789467999,25.1255464793,3.9534003206,ERSSTv5,3
1950-08-01,28.8072865165,24.7110990797,4.0961874368,ERSSTv5,3
1950-09-01,27.9918720800,24.3568526942,3.6350193858,ERSSTv5,3
1950-10-01,28.2386024002,24.4520222623,3.7865801378,ERSSTv5,3
1950-11-01,28.8565924349,24.0825846503,4.7740077846,ERSSTv5,3
1950-12-01,29.0103124145,24.3421071972,4.6682052174,ERSSTv5,3
1951-01-01,29.0955190984,24.8351710509,4.2603480475,ERSSTv5,3
1951-02-01,28.5248265718,25.5827997033,2.9420268685,ERSSTv5,3
1951-03-01,28.6614803760,26.8222954413,1.8391849347,ERSSTv5,3
1951-04-01,28.9945392992,27.3670562196,1.6274830795,ERSSTv5,3
1951-05-01,29.4479494263,27.3067153675,2.1412340587,ERSSTv5,3
1951-06-01,29.1217155131,26.9348101200,2.1869053931,ERSSTv5,3
1951-07-01,28.8753293173,26.7328050529,2.1425242644,ERSSTv5,3
1951-08-01,28.2543947460,25.8986842429,2.3557105031,ERSSTv5,3
1951-09-01,28.7334692484,25.9015942065,2.8318750419,ERSSTv5,3
1951-10-01,28.9221572097,26.0249600360,2.8971971738,ERSSTv5,3
1951-11-01,29.1970640850,26.2135607561,2.9835033289,ERSSTv5,3
1951-12-01,29.0910303681,26.0261293795,3.0649009886,ERSSTv5,3
1952-01-01,29.0104198609,25.9297342979,3.0806855630,ERSSTv5,3
1952-02-01,28.7053764541,26.4096747606,2.2957016935,ERSSTv5,3
1952-03-01,28.5336514576,26.9583847334,1.5752667242,ERSSTv5,3
1952-04-01,28.7980923036,27.2355237526,1.5625685510,ERSSTv5,3
1952-05-01,28.9885461057,26.7880676198,2.2004784859,ERSSTv5,3
1952-06-01,28.8972455776,25.9088073354,2.9884382422,ERSSTv5,3
1952-07-01,28.6552919983,25.0422792775,3.6130127208,ERSSTv5,3
1952-08-01,28.2710152161,24.7553379435,3.5156772727,ERSSTv5,3
1952-09-01,28.9314999949,24.7015976733,4.2299023216,ERSSTv5,3
1952-10-01,29.1174086804,24.7198773064,4.3975313740,ERSSTv5,3
1952-11-01,29.2246968643,24.3897043783,4.8349924860,ERSSTv5,3
1952-12-01,28.7387834215,24.9334855925,3.8052978290,ERSSTv5,3
1953-01-01,28.9299938699,25.9265740337,3.0034198362,ERSSTv5,3
1953-02-01,28.8804138123,26.6584710436,2.2219427687,ERSSTv5,3
1953-03-01,28.6750506490,27.4477318768,1.2273187722,ERSSTv5,3
1953-04-01,28.7068484702,27.7277078316,0.9791406385,ERSSTv5,3
1953-05-01,28.8893798019,27.5705789830,1.3188008189,ERSSTv5,3
1953-06-01,29.0458658115,27.1374760539,1.9083897576,ERSSTv5,3
1953-07-01,28.8145040028,26.1308310844,2.6836729184,ERSSTv5,3
1953-08-01,28.7293845255,25.4821877085,3.2471968169,ERSSTv5,3
1953-09-01,28.5445522919,25.6230976103,2.9214546816,ERSSTv5,3
1953-10-01,28.9369875912,25.5457732242,3.3912143670,ERSSTv5,3
1953-11-01,28.9403502298,25.6042330095,3.3361172204,ERSSTv5,3
1953-12-01,28.9977502270,25.8695912365,3.1281589905,ERSSTv5,3
1954-01-01,28.7401370105,25.9044282383,2.8357087722,ERSSTv5,3
1954-02-01,28.7835243420,26.4425591153,2.3409652267,ERSSTv5,3
1954-03-01,28.6108165943,26.5629477005,2.0478688939,ERSSTv5,3
1954-04-01,28.8332700639,25.6831532367,3.1501168272,ERSSTv5,3
1954-05-01,28.9195752199,25.8194508270,3.1001243929,ERSSTv5,3
1954-06-01,28.9926792544,25.3425468852,3.6501323692,ERSSTv5,3
1954-07-01,28.9346293055,24.5835694002,4.3510599053,ERSSTv5,3
1954-08-01,28.9435614281,23.8204020512,5.1231593769,ERSSTv5,3
1954-09-01,28.9411329371,23.4795595642,5.4615733729,ERSSTv5,3
1954-10-01,28.8959966115,23.6777604422,5.2182361693,ERSSTv5,3
1954-11-01,28.6129761718,24.1007520762,4.5122240956,ERSSTv5,3
1954-12-01,28.5572453364,24.0216746999,4.5355706365,ERSSTv5,3
1955-01-01,28.7391376868,24.9970925759,3.7420451109,ERSSTv5,3
1955-02-01,28.5809842442,25.6470572321,2.9339270121,ERSSTv5,3
1955-03-01,28.4174293072,26.1086967721,2.3087325351,ERSSTv5,3
1955-04-01,28.3487495916,26.2509261104,2.0978234812,ERSSTv5,3
1955-05-01,28.3576967879,25.6240817977,2.7336149902,ERSSTv5,3
1955-06-01,28.6587130579,25.2729893337,3.3857237241,ERSSTv5,3
1955-07-01,28.8341540381,24.7237489135,4.1104051246,ERSSTv5,3
1955-08-01,28.5427851370,24.0241693404,4.5186157966,ERSSTv5,3
1955-09-01,28.6614641760,23.6879259790,4.9735381970,ERSSTv5,3
1955-10-01,28.5478589795,22.9008671986,5.6469917809,ERSSTv5,3
1955-11-01,28.7816420037,22.9185393387,5.8631026650,ERSSTv5,3
1955-12-01,28.8818645594,23.3594649485,5.5223996109,ERSSTv5,3
1956-01-01,28.7662945224,24.6850808453,4.0812136771,ERSSTv5,3
1956-02-01,28.6314452554,25.6068680392,3.0245772162,ERSSTv5,3
1956-03-01,28.5728808286,26.5065526233,2.0663282054,ERSSTv5,3
1956-04-01,28.7380936052,26.7616874824,1.9764061228,ERSSTv5,3
1956-05-01,29.0157850254,26.5391963514,2.4765886740,ERSSTv5,3
1956-06-01,29.1338716637,25.9288965439,3.2049751199,ERSSTv5,3
1956-07-01,28.9607611987,25.0728979740,3.8878632247,ERSSTv5,3
1956-08-01,28.5219123460,24.3411437434,4.1807686026,ERSSTv5,3
1956-09-01,28.6243373880,24.2203740494,4.4039633386,ERSSTv5,3
1956-10-01,29.2160680355,24.2996646192,4.9164034163,ERSSTv5,3
1956-11-01,29.4057457469,24.1543622465,5.2513835004,ERSSTv5,3
1956-12-01,29.4926182460,24.3570048718,5.1356133742,ERSSTv5,3
1957-01-01,29.2079146906,25.1411095551,4.0668051354,ERSSTv5,3
1957-02-01,28.9700357894,26.2113634860,2.7586723034,ERSSTv5,3
1957-03-01,28.8137814264,27.3901853210,1.4235961054,ERSSTv5,3
1957-04-01,29.0620178244,27.9387731036,1.1232447208,ERSSTv5,3
1957-05-01,29.1242680328,27.9564518721,1.1678161607,ERSSTv5,3
1957-06-01,28.5795723588,27.5616828476,1.0178895112,ERSSTv5,3
1957-07-01,28.2541142055,27.1547159588,1.0993982467,ERSSTv5,3
1957-08-01,28.6571634320,26.4281200145,2.2290434175,ERSSTv5,3
1957-09-01,28.6696578027,26.0828649387,2.5867928640,ERSSTv5,3
1957-10-01,28.9845155319,26.0859154830,2.8986000489,ERSSTv5,3
1957-11-01,28.7099245097,26.4591943625,2.2507301472,ERSSTv5,3
1957-12-01,28.7769602238,26.9097719672,1.8671882566,ERSSTv5,3
1958-01-01,28.7913751721,27.4141570624,1.3772181098,ERSSTv5,3
1958-02-01,29.0819424676,27.7588667387,1.3230757289,ERSSTv5,3
1958-03-01,29.0866163756,27.8892176647,1.1973987109,ERSSTv5,3
1958-04-01,28.9273000502,27.8327084540,1.0945915963,ERSSTv5,3
1958-05-01,28.9475887396,27.3779573509,1.5696313887,ERSSTv5,3
1958-06-01,28.8551496732,26.7767310418,2.0784186314,ERSSTv5,3
1958-07-01,28.6964790911,25.9139369723,2.7825421188,ERSSTv5,3
1958-08-01,28.7018073466,25.2312427890,3.4705645576,ERSSTv5,3
1958-09-01,28.9857363120,24.7475583009,4.2381780110,ERSSTv5,3
1958-10-01,29.1130722630,24.9016926901,4.2113795729,ERSSTv5,3
1958-11-01,29.0435961303,25.2783940107,3.7652021196,ERSSTv5,3
1958-12-01,29.0598902381,25.2090778676,3.8508123705,ERSSTv5,3
1959-01-01,28.4506208635,25.9353074778,2.5153133857,ERSSTv5,3
1959-02-01,28.1463144096,26.5361439496,1.6101704599,ERSSTv5,3
1959-03-01,28.2630565289,27.1063921521,1.1566643769,ERSSTv5,3
1959-04-01,28.7181339390,27.4190462857,1.2990876532,ERSSTv5,3
1959-05-01,29.1849937235,26.8175978384,2.3673958851,ERSSTv5,3
1959-06-01,29.0471887864,26.1357881906,2.9114005958,ERSSTv5,3
1959-07-01,29.0275043485,25.0662907159,3.9612136326,ERSSTv5,3
1959-08-01,28.9548333035,24.4744345921,4.4803987114,ERSSTv5,3
1959-09-01,28.9160477851,24.4215259445,4.4945218406,ERSSTv5,3
1959-10-01,29.1300977300,24.8753905091,4.2547072209,ERSSTv5,3
1959-11-01,29.1872788295,24.8292955472,4.3579832824,ERSSTv5,3
1959-12-01,29.0895538513,24.9802330495,4.1093208018,ERSSTv5,3
1960-01-01,28.6893939683,25.4054529215,3.2839410468,ERSSTv5,3
1960-02-01,28.6509785897,25.8532105810,2.7977680087,ERSSTv5,3
1960-03-01,28.6829868427,26.7029385662,1.9800482765,ERSSTv5,3
1960-04-01,28.6891577232,26.9448495263,1.7443081969,ERSSTv5,3
1960-05-01,29.1423672944,26.7248707581,2.4174965363,ERSSTv5,3
1960-06-01,28.9429547702,26.0325668355,2.9103879347,ERSSTv5,3
1960-07-01,28.8442776166,25.4360854806,3.4081921360,ERSSTv5,3
1960-08-01,28.7588233485,25.0989996215,3.6598237270,ERSSTv5,3
1960-09-01,28.8405637307,24.9261520937,3.9144116370,ERSSTv5,3
1960-10-01,29.0047040033,24.5539758074,4.4507281959,ERSSTv5,3
1960-11-01,29.3821225189,24.6373518520,4.7447706669,ERSSTv5,3
1960-12-01,29.2596497307,24.9354381549,4.3242115758,ERSSTv5,3
1961-01-01,28.8818708453,25.3456247425,3.5362461028,ERSSTv5,3
1961-02-01,28.8787984761,26.2482449542,2.6305535219,ERSSTv5,3
1961-03-01,28.6983808883,26.7518208563,1.9465600321,ERSSTv5,3
1961-04-01,28.8862625101,27.0884368005,1.7978257097,ERSSTv5,3
1961-05-01,29.0139541448,26.9798207782,2.0341333665,ERSSTv5,3
1961-06-01,28.8978947730,26.5319681090,2.3659266639,ERSSTv5,3
1961-07-01,28.7512013235,25.2428701488,3.5083311746,ERSSTv5,3
1961-08-01,28.6085562744,24.5164387324,4.0921175420,ERSSTv5,3
1961-09-01,28.8342585873,24.0166172251,4.8176413623,ERSSTv5,3
1961-10-01,28.9083916025,24.1042512780,4.8041403245,ERSSTv5,3
1961-11-01,29.0649130966,24.6931718977,4.3717411989,ERSSTv5,3
1961-12-01,29.2642953951,24.8581292563,4.4061661388,ERSSTv5,3
1962-01-01,29.3143002874,25.2111016169,4.1031986705,ERSSTv5,3
1962-02-01,29.0157199755,25.9156743265,3.1000456491,ERSSTv5,3
1962-03-01,28.9364414252,26.4022508142,2.5341906111,ERSSTv5,3
1962-04-01,29.0566236796,26.4616084152,2.5950152644,ERSSTv5,3
1962-05-01,28.9986472928,26.2025984519,2.7960488409,ERSSTv5,3
1962-06-01,29.2047521444,25.9023180706,3.3024340738,ERSSTv5,3
1962-07-01,29.0059221672,25.3304507948,3.6754713724,ERSSTv5,3
1962-08-01,28.9982290221,24.9170228851,4.0812061370,ERSSTv5,3
1962-09-01,29.1167189817,24.4520442446,4.6646747371,ERSSTv5,3
1962-10-01,29.2552247263,24.5040940053,4.7511307210,ERSSTv5,3
1962-11-01,29.1943479446,24.3011758772,4.8931720674,ERSSTv5,3
1962-12-01,29.0889825206,24.3779965134,4.7109860072,ERSSTv5,3
1963-01-01,29.0483669394,24.9313644787,4.1170024607,ERSSTv5,3
1963-02-01,29.0609018533,25.7631331887,3.2977686646,ERSSTv5,3
1963-03-01,29.1815798424,26.8664347862,2.3151450562,ERSSTv5,3
1963-04-01,29.4411514526,27.3527868940,2.0883645586,ERSSTv5,3
1963-05-01,29.4979173590,26.9076775455,2.5902398135,ERSSTv5,3
1963-06-01,29.3017051497,26.6412244734,2.6604806763,ERSSTv5,3
1963-07-01,29.1090083762,26.5332951140,2.5757132622,ERSSTv5,3
1963-08-01,29.1996371404,26.1067723559,3.0928647845,ERSSTv5,3
1963-09-01,29.2144781298,25.8839721618,3.3305059680,ERSSTv5,3
1963-10-01,29.0752103910,25.9054391245,3.1697712665,ERSSTv5,3
1963-11-01,28.9828247553,26.1370536385,2.8457711168,ERSSTv5,3
1963-12-01,28.9074967286,26.4184742113,2.4890225173,ERSSTv5,3
1964-01-01,28.8388201506,26.3891474750,2.4496726756,ERSSTv5,3
1964-02-01,28.8221511114,26.4930031253,2.3291479861,ERSSTv5,3
1964-03-01,28.8465492594,26.6746344111,2.1719148483,ERSSTv5,3
1964-04-01,29.2298217462,26.2117658734,3.0180558728,ERSSTv5,3
1964-05-01,29.2631549419,25.5357684488,3.7273864931,ERSSTv5,3
1964-06-01,28.9663659229,25.2197413250,3.7466245979,ERSSTv5,3
1964-07-01,28.8939835211,24.9235790674,3.9704044537,ERSSTv5,3
1964-08-01,28.5684857645,23.9111089177,4.6573768468,ERSSTv5,3
1964-09-01,28.6201556127,23.9515889452,4.6685666674,ERSSTv5,3
1964-10-01,28.9084311760,23.9870444253,4.9213867507,ERSSTv5,3
1964-11-01,28.9197013251,24.0438001177,4.8759012074,ERSSTv5,3
1964-12-01,28.5768702312,23.9453323619,4.6315378692,ERSSTv5,3
1965-01-01,28.5613576407,24.8756521042,3.6857055365,ERSSTv5,3
1965-02-01,28.5222637954,25.8649614771,2.6573023183,ERSSTv5,3
1965-03-01,28.6433494199,26.8016495526,1.8416998673,ERSSTv5,3
1965-04-01,28.6232932926,27.2689987546,1.3542945380,ERSSTv5,3
1965-05-01,28.9103506639,27.5711349052,1.3392157587,ERSSTv5,3
1965-06-01,28.8998420458,27.3223865353,1.5774555105,ERSSTv5,3
1965-07-01,28.4677279138,26.8337806062,1.6339473076,ERSSTv5,3
1965-08-01,28.3255773898,26.6639226798,1.6616547100,ERSSTv5,3
1965-09-01,28.4325020515,26.5528634829,1.8796385686,ERSSTv5,3
1965-10-01,28.7161376645,26.6986749150,2.0174627495,ERSSTv5,3
1965-11-01,28.8450198800,26.8523478031,1.9926720769,ERSSTv5,3
1965-12-01,28.8366637940,26.8365558105,2.0001079835,ERSSTv5,3
1966-01-01,28.7787872384,26.9595151090,1.8192721293,ERSSTv5,3
1966-02-01,28.8485985968,27.0515849541,1.7970136426,ERSSTv5,3
1966-03-01,28.8546015756,27.3952818416,1.4593197340,ERSSTv5,3
1966-04-01,28.8992275368,27.3209137626,1.5783137742,ERSSTv5,3
1966-05-01,28.9615664781,26.3281318211,2.6334346570,ERSSTv5,3
1966-06-01,29.0180422994,26.2056371070,2.8124051923,ERSSTv5,3
1966-07-01,28.9965414730,25.7545364492,3.2420050238,ERSSTv5,3
1966-08-01,28.9919136981,24.7557670742,4.2361466238,ERSSTv5,3
1966-09-01,29.1366308213,24.5198778090,4.6167530123,ERSSTv5,3
1966-10-01,29.3006475306,24.7265648749,4.5740826557,ERSSTv5,3
1966-11-01,29.4300065537,24.6141871684,4.8158193853,ERSSTv5,3
1966-12-01,29.1288209242,24.6058449581,4.5229759661,ERSSTv5,3
1967-01-01,28.8614581664,25.0616446141,3.7998135523,ERSSTv5,3
1967-02-01,28.7500388720,25.8864514344,2.8635874376,ERSSTv5,3
1967-03-01,28.8907899182,26.2361901783,2.6545997399,ERSSTv5,3
1967-04-01,29.3327289651,26.3039871949,3.0287417701,ERSSTv5,3
1967-05-01,29.4661314240,26.6273392458,2.8387921781,ERSSTv5,3
1967-06-01,29.2720828051,26.4364013475,2.8356814576,ERSSTv5,3
1967-07-01,28.9786061730,25.5371325540,3.4414736190,ERSSTv5,3
1967-08-01,28.9821012335,24.6624485572,4.3196526764,ERSSTv5,3
1967-09-01,29.2347519291,24.0096380012,5.2251139278,ERSSTv5,3
1967-10-01,29.1577497627,24.2298481777,4.9279015850,ERSSTv5,3
1967-11-01,28.9917657431,24.4634546092,4.5283111339,ERSSTv5,3
1967-12-01,28.9909413185,24.5016903301,4.4892509885,ERSSTv5,3
1968-01-01,29.0573660304,24.6232103174,4.4341557130,ERSSTv5,3
1968-02-01,28.9448598535,24.9947488873,3.9501109662,ERSSTv5,3
1968-03-01,29.0701552057,25.8055809296,3.2645742761,ERSSTv5,3
1968-04-01,28.9761920025,26.4934320816,2.4827599209,ERSSTv5,3
1968-05-01,29.1724271456,26.1350408364,3.0373863091,ERSSTv5,3
1968-06-01,29.5282545511,26.5677867548,2.9604677964,ERSSTv5,3
1968-07-01,29.2543360214,26.2720966453,2.9822393761,ERSSTv5,3
1968-08-01,29.0732073638,25.6457723147,3.4274350491,ERSSTv5,3
1968-09-01,29.1630171287,25.3573936331,3.8056234956,ERSSTv5,3
1968-10-01,29.5072018520,25.4390580324,4.0681438196,ERSSTv5,3
1968-11-01,29.3192438842,25.7788293320,3.5404145523,ERSSTv5,3
1968-12-01,29.4341910611,26.1330056533,3.3011854078,ERSSTv5,3
1969-01-01,29.4834197467,26.5308031903,2.9526165564,ERSSTv5,3
1969-02-01,29.1242971755,27.0915430254,2.0327541501,ERSSTv5,3
1969-03-01,29.2626935453,27.5379348980,1.7247586473,ERSSTv5,3
1969-04-01,29.4484604122,27.8146459580,1.6338144541,ERSSTv5,3
1969-05-01,29.5737596944,27.8303263281,1.7434333663,ERSSTv5,3
1969-06-01,29.5749655995,26.9838720024,2.5910935971,ERSSTv5,3
1969-07-01,29.4466356376,25.9387103918,3.5079252458,ERSSTv5,3
1969-08-01,29.4253799837,25.6975400796,3.7278399041,ERSSTv5,3
1969-09-01,29.7130740704,25.7828003649,3.9302737055,ERSSTv5,3
1969-10-01,29.6987566878,26.0387226495,3.6600340384,ERSSTv5,3
1969-11-01,29.8072784845,26.0190876063,3.7881908781,ERSSTv5,3
1969-12-01,29.6333826491,26.1870080756,3.4463745734,ERSSTv5,3
1970-01-01,29.4500062515,26.2359907163,3.2140155352,ERSSTv5,3
1970-02-01,29.4561239734,26.4976226821,2.9585012912,ERSSTv5,3
1970-03-01,29.3115099991,26.7511123557,2.5603976433,ERSSTv5,3
1970-04-01,29.0300131780,27.1025418133,1.9274713647,ERSSTv5,3
1970-05-01,29.3033525746,26.4661196836,2.8372328910,ERSSTv5,3
1970-06-01,29.1320810061,25.5236306319,3.6084503742,ERSSTv5,3
1970-07-01,29.1741035918,24.3181884179,4.8559151739,ERSSTv5,3
1970-08-01,28.9792052017,23.7873423594,5.1918628423,ERSSTv5,3
1970-09-01,29.0995239307,24.0382092476,5.0613146830,ERSSTv5,3
1970-10-01,29.1046163358,24.1181275179,4.9864888179,ERSSTv5,3
1970-11-01,29.2648513748,24.0912547463,5.1735966285,ERSSTv5,3
1970-12-01,28.8908377943,24.1581258253,4.7327119691,ERSSTv5,3
1971-01-01,28.7622747298,24.1200498965,4.6422248333,ERSSTv5,3
1971-02-01,28.7951541370,24.7938640428,4.0012900941,ERSSTv5,3
1971-03-01,28.7073252889,25.7495400354,2.9577852535,ERSSTv5,3
1971-04-01,28.8635019376,26.3697038139,2.4937981237,ERSSTv5,3
1971-05-01,28.9799146709,26.1751300506,2.8047846204,ERSSTv5,3
1971-06-01,28.8153972263,25.5794370229,3.2359602034,ERSSTv5,3
1971-07-01,28.7202482780,24.9159558906,3.8042923874,ERSSTv5,3
1971-08-01,28.6015172405,24.2098895407,4.3916276998,ERSSTv5,3
1971-09-01,28.5597975363,24.2766676014,4.2831299349,ERSSTv5,3
1971-10-01,28.8488109684,24.0621223638,4.7866886046,ERSSTv5,3
1971-11-01,29.2158731517,24.1962723693,5.0196007823,ERSSTv5,3
1971-12-01,29.2382082454,24.1546419716,5.0835662738,ERSSTv5,3
1972-01-01,28.9553631320,25.0062251315,3.9491380005,ERSSTv5,3
1972-02-01,28.8623560877,25.9232877293,2.9390683584,ERSSTv5,3
1972-03-01,29.1120173214,26.8962862294,2.2157310920,ERSSTv5,3
1972-04-01,29.1764421946,27.6104814092,1.5659607854,ERSSTv5,3
1972-05-01,29.0117689697,27.6565220216,1.3552469482,ERSSTv5,3
1972-06-01,28.9526077712,27.5001256295,1.4524821417,ERSSTv5,3
1972-07-01,28.7748793848,27.2945317953,1.4803475895,ERSSTv5,3
1972-08-01,28.3959776088,27.0294122283,1.3665653805,ERSSTv5,3
1972-09-01,28.4298612489,26.7656536221,1.6642076268,ERSSTv5,3
1972-10-01,28.7966898873,27.1663528231,1.6303370642,ERSSTv5,3
1972-11-01,28.9663056161,27.5611134244,1.4051921917,ERSSTv5,3
1972-12-01,28.9040023030,27.8818309209,1.0221713822,ERSSTv5,3
1973-01-01,28.9043520029,27.7450893630,1.1592626398,ERSSTv5,3
1973-02-01,28.7270233592,27.3890022694,1.3380210898,ERSSTv5,3
1973-03-01,29.0044862215,27.1854740870,1.8190121346,ERSSTv5,3
1973-04-01,29.1036606582,26.6144745438,2.4891861144,ERSSTv5,3
1973-05-01,29.2559471047,25.9292585980,3.3266885067,ERSSTv5,3
1973-06-01,29.2381195122,25.3052076471,3.9329118652,ERSSTv5,3
1973-07-01,28.9848157716,24.3072353127,4.6775804588,ERSSTv5,3
1973-08-01,28.8698924806,23.6670707250,5.2028217556,ERSSTv5,3
1973-09-01,28.9893413665,23.5820094180,5.4073319485,ERSSTv5,3
1973-10-01,29.0147115688,23.4387148462,5.5759967226,ERSSTv5,3
1973-11-01,29.0221066059,23.2523158003,5.7697908056,ERSSTv5,3
1973-12-01,29.0625824175,23.3335996641,5.7289827535,ERSSTv5,3
1974-01-01,28.7293657982,23.8006861741,4.9286796241,ERSSTv5,3
1974-02-01,28.7210721156,24.9303015799,3.7907705356,ERSSTv5,3
1974-03-01,29.0326479479,25.9329975629,3.0996503850,ERSSTv5,3
1974-04-01,28.9428866632,26.4306095823,2.5122770809,ERSSTv5,3
1974-05-01,29.0293586561,26.2382069053,2.7911517508,ERSSTv5,3
1974-06-01,29.1082688748,25.8412185873,3.2670502875,ERSSTv5,3
1974-07-01,29.0410398397,25.3969299728,3.6441098669,ERSSTv5,3
1974-08-01,28.9623317685,25.0519464783,3.9103852902,ERSSTv5,3
1974-09-01,28.7777312149,24.6549229037,4.1228083112,ERSSTv5,3
1974-10-01,28.8034247792,24.3263043723,4.4771204068,ERSSTv5,3
1974-11-01,28.9940701668,24.2744575794,4.7196125874,ERSSTv5,3
1974-12-01,28.7765203128,24.4039103834,4.3726099294,ERSSTv5,3
1975-01-01,28.5932816041,25.3684993121,3.2247822919,ERSSTv5,3
1975-02-01,28.4717394288,25.6835101775,2.7882292513,ERSSTv5,3
1975-03-01,28.6572157725,26.2098876344,2.4473281381,ERSSTv5,3
1975-04-01,28.9201692404,26.8123649311,2.1078043092,ERSSTv5,3
1975-05-01,29.1153732392,26.1537314023,2.9616418370,ERSSTv5,3
1975-06-01,29.0289235603,25.3114859084,3.7174376520,ERSSTv5,3
1975-07-01,28.9230410036,24.7804142614,4.1426267422,ERSSTv5,3
1975-08-01,28.7054836120,24.1312068302,4.5742767818,ERSSTv5,3
1975-09-01,28.4196136627,23.6836420564,4.7359716063,ERSSTv5,3
1975-10-01,28.3493801431,23.5299676497,4.8194124935,ERSSTv5,3
1975-11-01,28.5408034041,23.8288516525,4.7119517516,ERSSTv5,3
1975-12-01,28.5311852703,23.5260698909,5.0051153794,ERSSTv5,3
1976-01-01,28.7929620712,23.8259163404,4.9670457307,ERSSTv5,3
1976-02-01,28.4435190204,25.2435643085,3.1999547118,ERSSTv5,3
1976-03-01,28.6704791877,26.3761383398,2.2943408479,ERSSTv5,3
1976-04-01,28.9404455238,26.7803704518,2.1600750720,ERSSTv5,3
1976-05-01,29.0972150688,26.8427201635,2.2544949053,ERSSTv5,3
1976-06-01,29.0927495503,26.9078621441,2.1848874063,ERSSTv5,3
1976-07-01,28.9346251593,26.3833212697,2.5513038895,ERSSTv5,3
1976-08-01,28.6902497951,26.1039710598,2.5862787353,ERSSTv5,3
1976-09-01,28.6206056596,25.9577980090,2.6628076506,ERSSTv5,3
1976-10-01,29.1131843842,26.2929531457,2.8202312384,ERSSTv5,3
1976-11-01,29.4064002345,26.2482148602,3.1581853743,ERSSTv5,3
1976-12-01,29.3282056125,26.0923127393,3.2358928732,ERSSTv5,3
1977-01-01,29.0429470054,26.6586102239,2.3843367815,ERSSTv5,3
1977-02-01,29.1981956588,26.8498713749,2.3483242839,ERSSTv5,3
1977-03-01,29.0817813198,27.2657038801,1.8160774397,ERSSTv5,3
1977-04-01,29.3124847720,26.8832124504,2.4292723216,ERSSTv5,3
1977-05-01,29.3796925805,26.8410247770,2.5386678036,ERSSTv5,3
1977-06-01,29.4123174572,26.5814390231,2.8308784341,ERSSTv5,3
1977-07-01,29.1229668089,25.9329918667,3.1899749421,ERSSTv5,3
1977-08-01,29.0918299432,25.1760571692,3.9157727740,ERSSTv5,3
1977-09-01,29.1428487615,25.3947778639,3.7480708976,ERSSTv5,3
1977-10-01,29.1301553829,25.8103990125,3.3197563704,ERSSTv5,3
1977-11-01,29.2372673771,25.7670858848,3.4701814923,ERSSTv5,3
1977-12-01,29.2389827126,26.0104566960,3.2285260166,ERSSTv5,3
1978-01-01,29.0390727314,26.2245709837,2.8145017477,ERSSTv5,3
1978-02-01,28.8514064080,26.5386059759,2.3128004321,ERSSTv5,3
1978-03-01,29.0925456278,26.6576470753,2.4348985525,ERSSTv5,3
1978-04-01,28.9897144407,26.5101062396,2.4796082011,ERSSTv5,3
1978-05-01,29.3615303079,26.1367923661,3.2247379418,ERSSTv5,3
1978-06-01,29.5636846610,25.7703402483,3.7933444128,ERSSTv5,3
1978-07-01,29.2415561414,25.2506263864,3.9909297549,ERSSTv5,3
1978-08-01,29.3739861418,24.4181472810,4.9558388608,ERSSTv5,3
1978-09-01,29.4845670069,24.5312350918,4.9533319151,ERSSTv5,3
1978-10-01,29.1979216840,24.9093577891,4.2885638950,ERSSTv5,3
1978-11-01,29.3038187714,25.1106057069,4.1932130645,ERSSTv5,3
1978-12-01,29.2301472146,25.5442271380,3.6859200766,ERSSTv5,3
1979-01-01,29.3429179782,25.6369602118,3.7059577664,ERSSTv5,3
1979-02-01,29.0770891365,26.1842311449,2.8928579916,ERSSTv5,3
1979-03-01,29.3107849239,27.0596360731,2.2511488508,ERSSTv5,3
1979-04-01,29.2509113608,27.5579516494,1.6929597114,ERSSTv5,3
1979-05-01,29.3314663028,27.1246471160,2.2068191868,ERSSTv5,3
1979-06-01,29.3622850556,26.5913832230,2.7709018326,ERSSTv5,3
1979-07-01,29.2030222253,25.7127333916,3.4902888337,ERSSTv5,3
1979-08-01,28.9702495430,25.5034019443,3.4668475986,ERSSTv5,3
1979-09-01,28.8750434888,25.8071913230,3.0678521658,ERSSTv5,3
1979-10-01,29.2451317759,25.7186333719,3.5264984039,ERSSTv5,3
1979-11-01,29.5589177248,25.8135428433,3.7453748815,ERSSTv5,3
1979-12-01,29.4514683742,25.9643408299,3.4871275443,ERSSTv5,3
1980-01-01,29.3771756337,26.2613108212,3.1158648125,ERSSTv5,3
1980-02-01,29.2946566141,26.5259396475,2.7687169666,ERSSTv5,3
1980-03-01,29.2500369725,26.9575239777,2.2925129948,ERSSTv5,3
1980-04-01,29.2777205378,27.3352784322,1.9424421056,ERSSTv5,3
1980-05-01,29.4398031515,27.2428948893,2.1969082622,ERSSTv5,3
1980-06-01,29.1718369397,26.9372551262,2.2345818135,ERSSTv5,3
1980-07-01,29.1450434788,25.9171125660,3.2279309127,ERSSTv5,3
1980-08-01,28.9595828909,25.1113578127,3.8482250783,ERSSTv5,3
1980-09-01,28.9135634508,25.0789164498,3.8346470010,ERSSTv5,3
1980-10-01,29.3118783192,25.0017151602,4.3101631590,ERSSTv5,3
1980-11-01,29.6084849209,25.3222732927,4.2862116282,ERSSTv5,3
1980-12-01,29.6472522134,25.5102637587,4.1369884547,ERSSTv5,3
1981-01-01,29.5959971875,25.1791116948,4.4168854927,ERSSTv5,3
1981-02-01,29.3743099107,25.5517741217,3.8225357891,ERSSTv5,3
1981-03-01,29.1318949131,26.5125338278,2.6193610852,ERSSTv5,3
1981-04-01,29.0244398703,26.9769801510,2.0474597192,ERSSTv5,3
1981-05-01,29.4396909697,26.7521002968,2.6875906729,ERSSTv5,3
1981-06-01,29.3683627447,26.3968123806,2.9715503641,ERSSTv5,3
1981-07-01,29.0483128453,25.4791678273,3.5691450180,ERSSTv5,3
1981-08-01,28.9184573177,24.7611913494,4.1572659683,ERSSTv5,3
1981-09-01,29.2409252836,25.0328613678,4.2080639158,ERSSTv5,3
1981-10-01,29.4366462399,25.0824258095,4.3542204304,ERSSTv5,3
1981-11-01,29.8556609287,24.9537801086,4.9018808201,ERSSTv5,3
1981-12-01,29.7336085476,25.3388234285,4.3947851191,ERSSTv5,3
1982-01-01,29.4260080237,25.9535905616,3.4724174621,ERSSTv5,3
1982-02-01,29.3171210795,26.2742513704,3.0428697092,ERSSTv5,3
1982-03-01,29.2454702392,27.0262652088,2.2192050305,ERSSTv5,3
1982-04-01,29.4612042249,27.5013553697,1.9598488551,ERSSTv5,3
1982-05-01,29.6253779838,27.6998329275,1.9255450564,ERSSTv5,3
1982-06-01,29.5324273041,27.3900331934,2.1423941107,ERSSTv5,3
1982-07-01,28.9771484545,26.5512847824,2.4258636721,ERSSTv5,3
1982-08-01,28.6312586927,26.4085910612,2.2226676314,ERSSTv5,3
1982-09-01,28.8435748401,27.1530458569,1.6905289832,ERSSTv5,3
1982-10-01,29.0940313057,27.7159135105,1.3781177952,ERSSTv5,3
1982-11-01,29.0233512032,27.8769495501,1.1464016531,ERSSTv5,3
1982-12-01,29.0962680684,28.2546204827,0.8416475857,ERSSTv5,3
1983-01-01,28.9454091571,28.6375692780,0.3078398791,ERSSTv5,3
1983-02-01,28.6457508508,28.6029695407,0.0427813101,ERSSTv5,3
1983-03-01,28.6286420802,28.7215448638,-0.0929027836,ERSSTv5,3
1983-04-01,29.0262123303,28.8983635235,0.1278488068,ERSSTv5,3
1983-05-01,29.2355835659,28.8366272889,0.3989562770,ERSSTv5,3
1983-06-01,29.2553688778,28.1164432349,1.1389256430,ERSSTv5,3
1983-07-01,28.9471598633,26.6385497405,2.3086101228,ERSSTv5,3
1983-08-01,28.9581759986,25.7946806771,3.1634953214,ERSSTv5,3
1983-09-01,28.9238745695,25.1038208566,3.8200537129,ERSSTv5,3
1983-10-01,29.1942170944,24.4044545028,4.7897625916,ERSSTv5,3
1983-11-01,29.0316521058,24.1065397913,4.9251123145,ERSSTv5,3
1983-12-01,29.3916156993,24.3877364615,5.0038792378,ERSSTv5,3
1984-01-01,29.3982162472,25.0000429874,4.3981732598,ERSSTv5,3
1984-02-01,29.1896503659,26.0936195724,3.0960307935,ERSSTv5,3
1984-03-01,29.0212593297,26.5989646773,2.4222946524,ERSSTv5,3
1984-04-01,29.0536373222,26.8047408545,2.2488964677,ERSSTv5,3
1984-05-01,29.1551123232,26.2522151549,2.9028971683,ERSSTv5,3
1984-06-01,29.0662493624,25.5314355414,3.5348138210,ERSSTv5,3
1984-07-01,29.0293257901,25.3036180042,3.7257077860,ERSSTv5,3
1984-08-01,28.9359734738,25.0635240001,3.8724494737,ERSSTv5,3
1984-09-01,29.2749190716,24.8793757627,4.3955433089,ERSSTv5,3
1984-10-01,29.2322892223,24.5906764114,4.6416128109,ERSSTv5,3
1984-11-01,29.2685992737,24.3062002193,4.9623990544,ERSSTv5,3
1984-12-01,29.0778896344,24.1205715984,4.9573180361,ERSSTv5,3
1985-01-01,28.9488375318,24.5240439089,4.4247936229,ERSSTv5,3
1985-02-01,28.9085605318,25.4533003714,3.4552601604,ERSSTv5,3
1985-03-01,28.8364666047,26.1908037298,2.6456628749,ERSSTv5,3
1985-04-01,29.0430663469,26.2633498017,2.7797165451,ERSSTv5,3
1985-05-01,29.3406053419,26.0752457233,3.2653596186,ERSSTv5,3
1985-06-01,29.1569941696,25.6738284223,3.4831657474,ERSSTv5,3
1985-07-01,29.1677685465,24.9986765122,4.1690920343,ERSSTv5,3
1985-08-01,29.0915302384,24.6364125471,4.4551176913,ERSSTv5,3
1985-09-01,29.3349321957,24.4280379748,4.9068942209,ERSSTv5,3
1985-10-01,29.4678464940,24.6257033434,4.8421431507,ERSSTv5,3
1985-11-01,29.6272740780,24.8220154173,4.8052586606,ERSSTv5,3
1985-12-01,29.6210440340,24.8751335452,4.7459104888,ERSSTv5,3
1986-01-01,29.4873957878,25.0444096743,4.4429861135,ERSSTv5,3
1986-02-01,29.3896434830,25.7611681601,3.6284753228,ERSSTv5,3
1986-03-01,29.4467826878,26.6693087384,2.7774739494,ERSSTv5,3
1986-04-01,29.3124255274,27.0923448905,2.2200806370,ERSSTv5,3
1986-05-01,29.8290191566,26.6136081356,3.2154110210,ERSSTv5,3
1986-06-01,29.3654270168,26.3303150753,3.0351119415,ERSSTv5,3
1986-07-01,29.3659350048,25.9314345771,3.4345004277,ERSSTv5,3
1986-08-01,29.2861470245,25.6864120422,3.5997349823,ERSSTv5,3
1986-09-01,29.0522627319,25.6917056232,3.3605571087,ERSSTv5,3
1986-10-01,29.2777671946,26.0062778080,3.2714893867,ERSSTv5,3
1986-11-01,29.1642446323,26.3336408395,2.8306037928,ERSSTv5,3
1986-12-01,28.8072588539,26.5820704641,2.2251883897,ERSSTv5,3
1987-01-01,28.9236402054,26.9753568130,1.9482833924,ERSSTv5,3
1987-02-01,28.9724159027,27.6590255627,1.3133903399,ERSSTv5,3
1987-03-01,29.0198693934,28.1956160928,0.8242533006,ERSSTv5,3
1987-04-01,29.0630478612,28.2895575636,0.7734902976,ERSSTv5,3
1987-05-01,29.2744965941,28.1630425821,1.1114540121,ERSSTv5,3
1987-06-01,29.0996266096,27.7437956466,1.3558309630,ERSSTv5,3
1987-07-01,28.7212085935,27.3485901917,1.3726184018,ERSSTv5,3
1987-08-01,28.7401303474,27.0308472392,1.7092831082,ERSSTv5,3
1987-09-01,29.0182551258,27.0104214304,2.0078336954,ERSSTv5,3
1987-10-01,29.3284553580,26.5978391148,2.7306162432,ERSSTv5,3
1987-11-01,29.7286928228,26.4821621683,3.2465306545,ERSSTv5,3
1987-12-01,29.6776097063,26.5047507183,3.1728589880,ERSSTv5,3
1988-01-01,29.4215423764,26.5846241830,2.8369181934,ERSSTv5,3
1988-02-01,29.3667890495,26.4398946401,2.9268944093,ERSSTv5,3
1988-03-01,29.3622304512,26.9238865016,2.4383439496,ERSSTv5,3
1988-04-01,29.4822962635,26.6803139141,2.8019823494,ERSSTv5,3
1988-05-01,29.5063193925,25.5378841506,3.9684352419,ERSSTv5,3
1988-06-01,29.4451533210,24.5020144917,4.9431388293,ERSSTv5,3
1988-07-01,29.4379305861,23.9516254781,5.4863051080,ERSSTv5,3
1988-08-01,29.3933287395,23.9838671329,5.4094616065,ERSSTv5,3
1988-09-01,29.2786940817,24.1335028117,5.1451912700,ERSSTv5,3
1988-10-01,29.2575922565,23.4769388164,5.7806534401,ERSSTv5,3
1988-11-01,29.1900307887,23.4686453142,5.7213854745,ERSSTv5,3
1988-12-01,28.9773369147,23.6266840028,5.3506529119,ERSSTv5,3
1989-01-01,28.7957941259,24.1115475046,4.6842466213,ERSSTv5,3
1989-02-01,28.7422118813,25.1619603142,3.5802515671,ERSSTv5,3
1989-03-01,29.0636467873,25.9216311475,3.1420156397,ERSSTv5,3
1989-04-01,29.2078698359,26.4557680959,2.7521017400,ERSSTv5,3
1989-05-01,29.4301787849,26.3197515858,3.1104271991,ERSSTv5,3
1989-06-01,29.1845493329,26.2754627577,2.9090865752,ERSSTv5,3
1989-07-01,29.3059168478,25.4694882121,3.8364286358,ERSSTv5,3
1989-08-01,29.2166882968,25.0074394271,4.2092488697,ERSSTv5,3
1989-09-01,29.4778638133,24.9530448428,4.5248189704,ERSSTv5,3
1989-10-01,29.5989791080,24.9191277069,4.6798514011,ERSSTv5,3
1989-11-01,29.2827678902,24.8212227817,4.4615451085,ERSSTv5,3
1989-12-01,29.3756056882,25.1744480647,4.2011576235,ERSSTv5,3
1990-01-01,29.3587855850,25.6172042223,3.7415813627,ERSSTv5,3
1990-02-01,29.2436033427,26.5226869711,2.7209163716,ERSSTv5,3
1990-03-01,29.2619095447,26.9415421920,2.3203673526,ERSSTv5,3
1990-04-01,29.3612111468,27.4230783455,1.9381328014,ERSSTv5,3
1990-05-01,29.5514577103,27.3925799034,2.1588778069,ERSSTv5,3
1990-06-01,29.6943518000,26.6677621715,3.0265896285,ERSSTv5,3
1990-07-01,29.4725379293,26.0484355539,3.4241023754,ERSSTv5,3
1990-08-01,29.3156719517,25.5938647563,3.7218071954,ERSSTv5,3
1990-09-01,29.3726010818,25.4465149221,3.9260861597,ERSSTv5,3
1990-10-01,29.6463099647,25.3383021396,4.3080078251,ERSSTv5,3
1990-11-01,29.7014299264,25.3885311799,4.3128987465,ERSSTv5,3
1990-12-01,29.4495043414,25.6106112760,3.8388930653,ERSSTv5,3
1991-01-01,29.4400160591,26.0693529668,3.3706630923,ERSSTv5,3
1991-02-01,29.3983607702,26.5336201858,2.8647405844,ERSSTv5,3
1991-03-01,29.2867945331,27.0164109395,2.2703835936,ERSSTv5,3
1991-04-01,29.6036216965,27.4898960579,2.1137256387,ERSSTv5,3
1991-05-01,29.6919137961,27.5345114484,2.1574023477,ERSSTv5,3
1991-06-01,29.7057446911,27.4144242752,2.2913204159,ERSSTv5,3
1991-07-01,29.5615352411,26.9078027699,2.6537324712,ERSSTv5,3
1991-08-01,29.4467192628,26.0449405880,3.4017786748,ERSSTv5,3
1991-09-01,29.2411705836,25.6679815784,3.5731890052,ERSSTv5,3
1991-10-01,29.3222045431,26.1087014935,3.2135030496,ERSSTv5,3
1991-11-01,29.3661225021,26.5773968852,2.7887256168,ERSSTv5,3
1991-12-01,29.1928159177,27.0617662156,2.1310497021,ERSSTv5,3
1992-01-01,28.6273858640,27.4524054471,1.1749804169,ERSSTv5,3
1992-02-01,28.8649383527,27.9786795797,0.8862587730,ERSSTv5,3
1992-03-01,28.6323421340,28.3704542643,0.2618878697,ERSSTv5,3
1992-04-01,28.8447872554,28.8019602495,0.0428270059,ERSSTv5,3
1992-05-01,29.0358156654,28.4951277090,0.5406879564,ERSSTv5,3
1992-06-01,29.1814699574,27.3335512006,1.8479187568,ERSSTv5,3
1992-07-01,29.0634126666,26.0788616307,2.9845510359,ERSSTv5,3
1992-08-01,29.1597519828,25.3640757887,3.7956761941,ERSSTv5,3
1992-09-01,29.3550953997,25.1353727349,4.2197226648,ERSSTv5,3
1992-10-01,29.4799373066,24.9234407091,4.5564965975,ERSSTv5,3
1992-11-01,29.2293582292,24.9533081456,4.2760500836,ERSSTv5,3
1992-12-01,29.2944879986,25.2050269886,4.0894610099,ERSSTv5,3
1993-01-01,28.8888713509,25.7555651476,3.1333062033,ERSSTv5,3
1993-02-01,28.7013394376,26.7511251768,1.9502142608,ERSSTv5,3
1993-03-01,28.7515947091,27.4714858038,1.2801089053,ERSSTv5,3
1993-04-01,28.8568197222,28.2436706435,0.6131490787,ERSSTv5,3
1993-05-01,28.8130984831,28.2795215946,0.5335768885,ERSSTv5,3
1993-06-01,28.9098202918,27.2279312836,1.6818890083,ERSSTv5,3
1993-07-01,28.9034089580,26.3366268493,2.5667821087,ERSSTv5,3
1993-08-01,28.7395525735,25.6874247428,3.0521278307,ERSSTv5,3
1993-09-01,29.0285174970,25.6295943573,3.3989231397,ERSSTv5,3
1993-10-01,28.9095567764,25.3977595625,3.5117972139,ERSSTv5,3
1993-11-01,29.4303809590,25.3930706870,4.0373102720,ERSSTv5,3
1993-12-01,29.4531867929,25.5226431745,3.9305436184,ERSSTv5,3
1994-01-01,29.2899655604,25.9053029695,3.3846625910,ERSSTv5,3
1994-02-01,29.2416620790,26.2979817388,2.9436803401,ERSSTv5,3
1994-03-01,29.4189139093,26.8084411314,2.6104727779,ERSSTv5,3
1994-04-01,29.5761364035,27.1988447037,2.3772916999,ERSSTv5,3
1994-05-01,29.7192645945,27.2301496698,2.4891149248,ERSSTv5,3
1994-06-01,29.6880581081,26.8216949122,2.8663631959,ERSSTv5,3
1994-07-01,29.5358680131,25.9733226643,3.5625453488,ERSSTv5,3
1994-08-01,29.3667851324,25.5545597004,3.8122254320,ERSSTv5,3
1994-09-01,29.1414691951,25.4691649981,3.6723041970,ERSSTv5,3
1994-10-01,29.3675243703,26.0669736763,3.3005506939,ERSSTv5,3
1994-11-01,29.4286265515,26.5278388108,2.9007877407,ERSSTv5,3
1994-12-01,29.3262274696,26.6513245344,2.6749029351,ERSSTv5,3
1995-01-01,29.2587064397,26.7931306689,2.4655757709,ERSSTv5,3
1995-02-01,29.4683378621,27.0409812075,2.4273566547,ERSSTv5,3
1995-03-01,29.5265343125,27.2706834320,2.2558508805,ERSSTv5,3
1995-04-01,29.6386018756,27.2728783431,2.3657235325,ERSSTv5,3
1995-05-01,29.9067831736,26.7108570284,3.1959261452,ERSSTv5,3
1995-06-01,29.7774804059,26.3230600737,3.4544203322,ERSSTv5,3
1995-07-01,29.7269326120,25.6630723780,4.0638602340,ERSSTv5,3
1995-08-01,29.7349603676,24.6032419998,5.1317183678,ERSSTv5,3
1995-09-01,29.6137897834,24.2786731681,5.3351166153,ERSSTv5,3
1995-10-01,29.7826881212,24.3557245250,5.4269635961,ERSSTv5,3
1995-11-01,29.8500665784,24.2615979821,5.5884685963,ERSSTv5,3
1995-12-01,29.9490187088,24.4148296089,5.5341890999,ERSSTv5,3
1996-01-01,29.7366709844,24.8718542441,4.8648167404,ERSSTv5,3
1996-02-01,29.6384946366,25.5577996411,4.0806949955,ERSSTv5,3
1996-03-01,29.4241404473,26.4939245356,2.9302159117,ERSSTv5,3
1996-04-01,29.3243997777,26.6986997789,2.6256999988,ERSSTv5,3
1996-05-01,29.4453788673,26.6036366769,2.8417421904,ERSSTv5,3
1996-06-01,29.4681466952,26.0605273489,3.4076193463,ERSSTv5,3
1996-07-01,29.4895668919,25.4617276366,4.0278392554,ERSSTv5,3
1996-08-01,29.4873862935,25.0610104783,4.4263758152,ERSSTv5,3
1996-09-01,29.6635279983,24.7191954239,4.9443325744,ERSSTv5,3
1996-10-01,29.7906442029,24.7371824338,5.0534617691,ERSSTv5,3
1996-11-01,29.8530212154,24.7863116585,5.0667095569,ERSSTv5,3
1996-12-01,29.9167812941,24.5372638902,5.3795174039,ERSSTv5,3
1997-01-01,29.5883255599,25.0402110816,4.5481144783,ERSSTv5,3
1997-02-01,29.5165580425,25.8795592192,3.6369988232,ERSSTv5,3
1997-03-01,29.3944424599,26.8336010597,2.5608414002,ERSSTv5,3
1997-04-01,29.4936728820,27.5752701316,1.9184027504,ERSSTv5,3
1997-05-01,29.4819202616,28.0654561522,1.4164641094,ERSSTv5,3
1997-06-01,29.1726413219,28.3351652471,0.8374760748,ERSSTv5,3
1997-07-01,29.0935267781,28.2200614219,0.8734653562,ERSSTv5,3
1997-08-01,28.6724378318,28.0294933658,0.6429444660,ERSSTv5,3
1997-09-01,28.6722938033,28.1069866834,0.5653071199,ERSSTv5,3
1997-10-01,28.9332229518,28.3883953393,0.5448276125,ERSSTv5,3
1997-11-01,29.2859652619,28.5948598195,0.6911054424,ERSSTv5,3
1997-12-01,29.3066969404,28.6109938174,0.6957031230,ERSSTv5,3
1998-01-01,28.9165340467,28.8102865591,0.1062474876,ERSSTv5,3
1998-02-01,28.8770782685,28.8705641093,0.0065141592,ERSSTv5,3
1998-03-01,28.8583362456,28.8819273669,-0.0235911213,ERSSTv5,3
1998-04-01,29.1786013325,28.8597797874,0.3188215451,ERSSTv5,3
1998-05-01,29.2657670912,28.3945703135,0.8711967777,ERSSTv5,3
1998-06-01,29.1810450670,26.8514346953,2.3296103717,ERSSTv5,3
1998-07-01,29.2713195299,25.3938232062,3.8774963237,ERSSTv5,3
1998-08-01,29.1965301162,24.4152764184,4.7812536978,ERSSTv5,3
1998-09-01,29.3344222649,24.0824504013,5.2519718636,ERSSTv5,3
1998-10-01,29.2583326334,24.0496534091,5.2086792244,ERSSTv5,3
1998-11-01,29.3456937026,24.1407600313,5.2049336713,ERSSTv5,3
1998-12-01,29.3601153516,23.9428968929,5.4172184588,ERSSTv5,3
1999-01-01,28.9661964272,24.1703789036,4.7958175236,ERSSTv5,3
1999-02-01,28.6640688349,25.1980412727,3.4660275622,ERSSTv5,3
1999-03-01,28.7666262182,26.3388967078,2.4277295104,ERSSTv5,3
1999-04-01,29.0300565430,26.4029353702,2.6271211728,ERSSTv5,3
1999-05-01,29.3422691408,26.2845921816,3.0576769592,ERSSTv5,3
1999-06-01,29.3010961645,25.7156357199,3.5854604446,ERSSTv5,3
1999-07-01,29.1976179462,25.0917230752,4.1058948710,ERSSTv5,3
1999-08-01,29.1149665287,24.4373708325,4.6775956962,ERSSTv5,3
1999-09-01,29.3367701467,24.1040974260,5.2326727206,ERSSTv5,3
1999-10-01,29.3279310901,23.9579580770,5.3699730131,ERSSTv5,3
1999-11-01,29.2563191313,23.7802955888,5.4760235426,ERSSTv5,3
1999-12-01,29.2785741598,23.7636668543,5.5149073054,ERSSTv5,3
2000-01-01,29.2061887661,24.0084314855,5.1977572805,ERSSTv5,3
2000-02-01,29.1377746924,25.0072338273,4.1305408651,ERSSTv5,3
2000-03-01,28.9020262094,26.3346312968,2.5673949126,ERSSTv5,3
2000-04-01,28.9775708855,27.0359272091,1.9416436764,ERSSTv5,3
2000-05-01,29.0740249171,26.6908910725,2.3831338446,ERSSTv5,3
2000-06-01,29.2144446659,26.1579254512,3.0565192146,ERSSTv5,3
2000-07-01,29.0756033954,25.4651020368,3.6105013586,ERSSTv5,3
2000-08-01,29.2115561799,24.9720178547,4.2395383252,ERSSTv5,3
2000-09-01,29.5263399620,24.9134406298,4.6128993322,ERSSTv5,3
2000-10-01,29.6964590897,24.7591196246,4.9373394651,ERSSTv5,3
2000-11-01,29.8210993535,24.6020115217,5.2190878318,ERSSTv5,3
2000-12-01,29.5649436425,24.6359324785,4.9290111640,ERSSTv5,3
2001-01-01,29.4992836000,25.2135462230,4.2857373771,ERSSTv5,3
2001-02-01,29.2762251082,25.9344477673,3.3417773409,ERSSTv5,3
2001-03-01,29.4791627492,26.8951397889,2.5840229603,ERSSTv5,3
2001-04-01,29.5733877604,27.2332379893,2.3401497710,ERSSTv5,3
2001-05-01,29.6547702255,27.0740663845,2.5807038410,ERSSTv5,3
2001-06-01,29.7352022080,26.5279026591,3.2072995489,ERSSTv5,3
2001-07-01,29.4820877808,25.9279687513,3.5541190295,ERSSTv5,3
2001-08-01,29.3287998119,25.2941374359,4.0346623760,ERSSTv5,3
2001-09-01,29.6163425943,24.8386181909,4.7777244034,ERSSTv5,3
2001-10-01,29.7913594272,25.0456623030,4.7456971242,ERSSTv5,3
2001-11-01,29.8991843237,24.8714472157,5.0277371080,ERSSTv5,3
2001-12-01,29.7565965247,24.9651616648,4.7914348599,ERSSTv5,3
2002-01-01,29.5261404152,25.5223339695,4.0038064457,ERSSTv5,3
2002-02-01,29.4326969681,26.3565212801,3.0761756880,ERSSTv5,3
2002-03-01,29.3788904367,27.2792395213,2.0996509154,ERSSTv5,3
2002-04-01,29.8545636426,27.5839585970,2.2706050456,ERSSTv5,3
2002-05-01,30.1844693112,27.6159283047,2.5685410065,ERSSTv5,3
2002-06-01,29.9394162209,27.4864552365,2.4529609844,ERSSTv5,3
2002-07-01,29.5872616066,26.6715631638,2.9156984427,ERSSTv5,3
2002-08-01,29.3759018620,26.2239893153,3.1519125467,ERSSTv5,3
2002-09-01,29.3488191178,26.4084272720,2.9403918458,ERSSTv5,3
2002-10-01,29.4591016739,26.6227239694,2.8363777045,ERSSTv5,3
2002-11-01,29.8155903941,27.0027444239,2.8128459702,ERSSTv5,3
2002-12-01,29.6190773623,26.9549074772,2.6641698851,ERSSTv5,3
2003-01-01,29.5320485032,26.4614618629,3.0705866403,ERSSTv5,3
2003-02-01,29.5029658240,26.9758797544,2.5270860695,ERSSTv5,3
2003-03-01,29.6858594257,27.3887275563,2.2971318693,ERSSTv5,3
2003-04-01,29.8130793921,27.1210357988,2.6920435934,ERSSTv5,3
2003-05-01,29.9922220339,26.3399791421,3.6522428918,ERSSTv5,3
2003-06-01,29.9477842288,26.2654677603,3.6823164685,ERSSTv5,3
2003-07-01,29.7868360407,26.2176083896,3.5692276511,ERSSTv5,3
2003-08-01,29.6408622264,25.6955855514,3.9452766749,ERSSTv5,3
2003-09-01,29.5490148351,25.4428442760,4.1061705591,ERSSTv5,3
2003-10-01,29.9897695974,25.7861764065,4.2035931909,ERSSTv5,3
2003-11-01,30.2003752335,25.9911662275,4.2092090060,ERSSTv5,3
2003-12-01,30.2137682753,26.2118012122,4.0019670632,ERSSTv5,3
2004-01-01,29.8802825541,26.2104942153,3.6697883389,ERSSTv5,3
2004-02-01,29.8725080217,26.6723585512,3.2001494705,ERSSTv5,3
2004-03-01,29.7934780435,27.1624609008,2.6310171427,ERSSTv5,3
2004-04-01,29.7086585342,27.4167722307,2.2918863034,ERSSTv5,3
2004-05-01,29.7794796203,26.8887309495,2.8907486708,ERSSTv5,3
2004-06-01,29.6336787080,26.5834013342,3.0502773738,ERSSTv5,3
2004-07-01,29.4766322016,26.2309288604,3.2457033412,ERSSTv5,3
2004-08-01,29.3148291912,25.9075231850,3.4073060062,ERSSTv5,3
2004-09-01,29.5473510313,25.9159154684,3.6314355629,ERSSTv5,3
2004-10-01,29.7748142077,26.0222834135,3.7525307942,ERSSTv5,3
2004-11-01,30.0436537244,26.1638264496,3.8798272749,ERSSTv5,3
2004-12-01,30.0524725133,26.2610481904,3.7914243229,ERSSTv5,3
2005-01-01,29.8477726826,26.2725889026,3.5751837800,ERSSTv5,3
2005-02-01,29.5681039775,26.4749582462,3.0931457313,ERSSTv5,3
2005-03-01,29.7135653875,27.1780897635,2.5354756240,ERSSTv5,3
2005-04-01,29.6584944325,27.5464169858,2.1120774466,ERSSTv5,3
2005-05-01,29.7092654772,27.5257523420,2.1835131352,ERSSTv5,3
2005-06-01,29.6790210059,26.8870364994,2.7919845065,ERSSTv5,3
2005-07-01,29.6897770391,26.0806001145,3.6091769246,ERSSTv5,3
2005-08-01,29.6535786411,25.5421604937,4.1114181474,ERSSTv5,3
2005-09-01,29.6299121416,25.1729341704,4.4569779713,ERSSTv5,3
2005-10-01,29.9556559900,25.0485116950,4.9071442950,ERSSTv5,3
2005-11-01,29.9697178053,24.3936287785,5.5760890268,ERSSTv5,3
2005-12-01,29.9764504518,24.3252635369,5.6511869149,ERSSTv5,3
2006-01-01,29.7810760138,24.9298192024,4.8512568114,ERSSTv5,3
2006-02-01,29.1769638753,25.9531439488,3.2238199265,ERSSTv5,3
2006-03-01,29.3604809609,26.4657792202,2.8947017407,ERSSTv5,3
2006-04-01,29.5483481819,27.0443633321,2.5039848498,ERSSTv5,3
2006-05-01,29.8589647800,27.1970610641,2.6619037159,ERSSTv5,3
2006-06-01,29.9670125195,26.8310850656,3.1359274539,ERSSTv5,3
2006-07-01,29.6221519475,26.1456854819,3.4764664656,ERSSTv5,3
2006-08-01,29.4312841244,25.8969926425,3.5342914818,ERSSTv5,3
2006-09-01,29.7480668711,26.1584539153,3.5896129558,ERSSTv5,3
2006-10-01,29.5330095423,26.2876160429,3.2453934995,ERSSTv5,3
2006-11-01,29.7862726601,26.5733550211,3.2129176390,ERSSTv5,3
2006-12-01,29.8970633858,26.7790549900,3.1180083957,ERSSTv5,3
2007-01-01,29.9032870929,26.7326166774,3.1706704156,ERSSTv5,3
2007-02-01,29.6043618579,26.5381290372,3.0662328207,ERSSTv5,3
2007-03-01,29.7144006536,26.7454105382,2.9689901155,ERSSTv5,3
2007-04-01,29.7887926999,26.8559495676,2.9328431323,ERSSTv5,3
2007-05-01,29.9771581906,26.3982871023,3.5788710883,ERSSTv5,3
2007-06-01,29.9737301977,26.0836076445,3.8901225532,ERSSTv5,3
2007-07-01,29.6820716680,25.1154505727,4.5666210953,ERSSTv5,3
2007-08-01,29.6419411087,24.3309883113,5.3109527973,ERSSTv5,3
2007-09-01,29.7531932091,23.9759358293,5.7772573798,ERSSTv5,3
2007-10-01,29.7656304689,23.8321579985,5.9334724704,ERSSTv5,3
2007-11-01,29.6237893873,23.7374942943,5.8862950930,ERSSTv5,3
2007-12-01,29.4801206160,23.8026960669,5.6774245491,ERSSTv5,3
2008-01-01,29.0014790206,24.2622427554,4.7392362652,ERSSTv5,3
2008-02-01,28.8897906770,25.0071948018,3.8825958751,ERSSTv5,3
2008-03-01,28.9164612564,26.2084110412,2.7080502153,ERSSTv5,3
2008-04-01,28.9990169224,26.8537547849,2.1452621376,ERSSTv5,3
2008-05-01,29.1727269334,26.7653174810,2.4074094525,ERSSTv5,3
2008-06-01,29.1144618911,26.4024624206,2.7119994705,ERSSTv5,3
2008-07-01,29.1830924257,26.1963708823,2.9867215435,ERSSTv5,3
2008-08-01,29.2524734817,25.7984928365,3.4539806453,ERSSTv5,3
2008-09-01,29.3938895053,25.4210354552,3.9728540501,ERSSTv5,3
2008-10-01,29.5285652677,25.3000582599,4.2285070078,ERSSTv5,3
2008-11-01,29.6264402425,25.1685761237,4.4578641188,ERSSTv5,3
2008-12-01,29.7545017200,24.7434708079,5.0110309121,ERSSTv5,3
2009-01-01,29.6008143045,25.0967144943,4.5040998103,ERSSTv5,3
2009-02-01,29.2765846200,25.6459851145,3.6305995055,ERSSTv5,3
2009-03-01,29.3924333321,26.2781613938,3.1142719382,ERSSTv5,3
2009-04-01,29.5651901407,27.2478358166,2.3173543240,ERSSTv5,3
2009-05-01,29.9046476310,27.4751309397,2.4295166914,ERSSTv5,3
2009-06-01,29.9114311742,27.2797600900,2.6316710842,ERSSTv5,3
2009-07-01,29.7157204541,26.7605443082,2.9551761459,ERSSTv5,3
2009-08-01,29.7900430256,26.2521526195,3.5378904061,ERSSTv5,3
2009-09-01,29.8035476601,26.0964634460,3.7070842142,ERSSTv5,3
2009-10-01,29.8190699550,26.2653547560,3.5537151990,ERSSTv5,3
2009-11-01,29.9384924364,26.7405713986,3.1979210378,ERSSTv5,3
2009-12-01,29.6923405879,27.0836141034,2.6087264846,ERSSTv5,3
2010-01-01,29.4917920958,27.1608369424,2.3309551533,ERSSTv5,3
2010-02-01,29.2240441863,27.5338728793,1.6901713070,ERSSTv5,3
2010-03-01,29.4440478301,27.8441378887,1.5999099414,ERSSTv5,3
2010-04-01,29.8021759890,27.8207625123,1.9814134766,ERSSTv5,3
2010-05-01,30.0394627804,27.1030537350,2.9364090453,ERSSTv5,3
2010-06-01,30.0363697616,26.0569202638,3.9794494978,ERSSTv5,3
2010-07-01,29.6728369828,24.9457457910,4.7270911917,ERSSTv5,3
2010-08-01,29.3227689561,24.0736623063,5.2491066498,ERSSTv5,3
2010-09-01,29.3103403588,23.7625633575,5.5477770013,ERSSTv5,3
2010-10-01,29.3371254644,23.6876331308,5.6494923336,ERSSTv5,3
2010-11-01,29.3574628282,23.8005270153,5.5569358129,ERSSTv5,3
2010-12-01,29.4239081132,23.9083465368,5.5155615764,ERSSTv5,3
2011-01-01,29.3163677129,24.4273664950,4.8890012180,ERSSTv5,3
2011-02-01,29.2657701946,25.5592346946,3.7065355000,ERSSTv5,3
2011-03-01,29.3732304951,26.3482375503,3.0249929448,ERSSTv5,3
2011-04-01,29.6386308533,27.0626196432,2.5760112102,ERSSTv5,3
2011-05-01,29.7029909087,26.9358752724,2.7671156363,ERSSTv5,3
2011-06-01,29.7033327293,26.6234908896,3.0798418397,ERSSTv5,3
2011-07-01,29.4067452939,25.8522719215,3.5544733723,ERSSTv5,3
2011-08-01,29.2683069235,25.0114932557,4.2568136677,ERSSTv5,3
2011-09-01,29.3200145808,24.6029103305,4.7171042502,ERSSTv5,3
2011-10-01,29.4482525768,24.2469043255,5.2013482513,ERSSTv5,3
2011-11-01,29.5535149541,24.2434057817,5.3101091724,ERSSTv5,3
2011-12-01,29.4550008803,24.5166546782,4.9383462022,ERSSTv5,3
2012-01-01,29.2254451959,25.1459800847,4.0794651112,ERSSTv5,3
2012-02-01,28.9866519144,26.0352203078,2.9514316067,ERSSTv5,3
2012-03-01,29.1148584902,26.7291915926,2.3856668976,ERSSTv5,3
2012-04-01,29.3435946555,27.2926595417,2.0509351138,ERSSTv5,3
2012-05-01,29.7227412256,27.1940168220,2.5287244036,ERSSTv5,3
2012-06-01,29.5800603225,27.0804703352,2.4995899873,ERSSTv5,3
2012-07-01,29.4794960144,26.5152390483,2.9642569661,ERSSTv5,3
2012-08-01,29.5317344673,25.9419350278,3.5897994395,ERSSTv5,3
2012-09-01,29.7275793537,25.6213530624,4.1062262913,ERSSTv5,3
2012-10-01,29.8493121970,25.3974970538,4.4518151432,ERSSTv5,3
2012-11-01,29.8989852553,25.4449994851,4.4539857702,ERSSTv5,3
2012-12-01,29.8464903722,25.0647720065,4.7817183657,ERSSTv5,3
2013-01-01,29.6257196648,25.1542880837,4.4714315811,ERSSTv5,3
2013-02-01,29.4199156667,25.8142747508,3.6056409159,ERSSTv5,3
2013-03-01,29.2852161201,26.8709877174,2.4142284027,ERSSTv5,3
2013-04-01,29.5211317354,27.0793821724,2.4417495630,ERSSTv5,3
2013-05-01,29.7012053779,26.4762109245,3.2249944534,ERSSTv5,3
2013-06-01,29.8147688835,25.9440037865,3.8707650970,ERSSTv5,3
2013-07-01,29.6367057092,25.4168226834,4.2198830258,ERSSTv5,3
2013-08-01,29.6284418840,24.8422613312,4.7861805528,ERSSTv5,3
2013-09-01,29.7043924855,24.9808243865,4.7235680990,ERSSTv5,3
2013-10-01,29.7880581845,25.1275386273,4.6605195572,ERSSTv5,3
2013-11-01,29.9432713810,25.2509687215,4.6923026595,ERSSTv5,3
2013-12-01,30.0876698432,25.3416288770,4.7460409662,ERSSTv5,3
2014-01-01,29.7448815777,25.3292554673,4.4156261104,ERSSTv5,3
2014-02-01,29.6377269366,25.6250746932,4.0126522433,ERSSTv5,3
2014-03-01,29.6282250062,26.7866967672,2.8415282390,ERSSTv5,3
2014-04-01,29.6916394054,27.5721622228,2.1194771827,ERSSTv5,3
2014-05-01,30.0451017115,27.7333541850,2.3117475265,ERSSTv5,3
2014-06-01,30.1341555865,27.3124400296,2.8217155569,ERSSTv5,3
2014-07-01,29.8212517754,26.2962675425,3.5249842329,ERSSTv5,3
2014-08-01,29.7929024169,25.6102649172,4.1826374997,ERSSTv5,3
2014-09-01,29.9629589198,25.6833815673,4.2795773525,ERSSTv5,3
2014-10-01,30.0319507562,25.9408705016,4.0910802547,ERSSTv5,3
2014-11-01,30.1708862490,26.2522194688,3.9186667802,ERSSTv5,3
2014-12-01,30.2172719673,26.2470219461,3.9702500212,ERSSTv5,3
2015-01-01,30.0640793752,26.2421659336,3.8219134417,ERSSTv5,3
2015-02-01,29.8275764434,26.6135668783,3.2140095651,ERSSTv5,3
2015-03-01,29.6681813378,27.3933199081,2.2748614297,ERSSTv5,3
2015-04-01,29.9124994953,28.2815001733,1.6309993220,ERSSTv5,3
2015-05-01,29.9757830375,28.3763790869,1.5994039506,ERSSTv5,3
2015-06-01,29.7785088610,28.3391002557,1.4394086053,ERSSTv5,3
2015-07-01,29.4335632211,27.9934118832,1.4401513379,ERSSTv5,3
2015-08-01,29.1532587015,27.6594445870,1.4938141145,ERSSTv5,3
2015-09-01,29.2469877723,27.8749110439,1.3720767284,ERSSTv5,3
2015-10-01,29.2483197688,28.0741382415,1.1741815273,ERSSTv5,3
2015-11-01,29.6935461908,28.4641758032,1.2293703876,ERSSTv5,3
2015-12-01,29.6909519679,28.4650571982,1.2258947698,ERSSTv5,3
2016-01-01,29.4285491014,28.5324487990,0.8961003024,ERSSTv5,3
2016-02-01,29.3511005338,28.5859354288,0.7651651050,ERSSTv5,3
2016-03-01,29.6784843043,28.7373654308,0.9411188735,ERSSTv5,3
2016-04-01,29.7190703420,28.1596582157,1.5594121264,ERSSTv5,3
2016-05-01,29.9127575301,27.2854159517,2.6273415784,ERSSTv5,3
2016-06-01,30.0593961953,26.5918506160,3.4675455792,ERSSTv5,3
2016-07-01,29.9305760476,25.3604790501,4.5700969975,ERSSTv5,3
2016-08-01,29.9492587943,24.7752869358,5.1739718584,ERSSTv5,3
2016-09-01,30.0750228667,24.8097677058,5.2652551609,ERSSTv5,3
2016-10-01,30.1154999214,24.5946365034,5.5208634180,ERSSTv5,3
2016-11-01,30.0892774053,24.6087624734,5.4805149319,ERSSTv5,3
2016-12-01,30.0424998708,24.8786745142,5.1638253565,ERSSTv5,3
2017-01-01,30.0359764948,25.5149112618,4.5210652330,ERSSTv5,3
2017-02-01,29.8226363626,26.6041474899,3.2184888728,ERSSTv5,3
2017-03-01,29.8039598906,27.3268562302,2.4771036604,ERSSTv5,3
2017-04-01,29.8874327924,27.8653662895,2.0220665029,ERSSTv5,3
2017-05-01,30.0037830451,27.5654287699,2.4383542752,ERSSTv5,3
2017-06-01,30.0510891001,26.9565037399,3.0945853602,ERSSTv5,3
2017-07-01,29.9194680461,26.1803669549,3.7391010912,ERSSTv5,3
2017-08-01,29.9550492052,25.2044475748,4.7506016304,ERSSTv5,3
2017-09-01,29.9287616353,24.6132441415,5.3155174938,ERSSTv5,3
2017-10-01,30.0127882319,24.6585044400,5.3542837920,ERSSTv5,3
2017-11-01,30.0991130195,24.2636268950,5.8354861245,ERSSTv5,3
2017-12-01,30.0041083240,24.2066085214,5.7974998026,ERSSTv5,3
2018-01-01,29.8330754060,24.5926974768,5.2403779292,ERSSTv5,3
2018-02-01,29.5258293989,25.5153204837,4.0105089152,ERSSTv5,3
2018-03-01,29.6065187556,26.1984036767,3.4081150789,ERSSTv5,3
2018-04-01,29.8203688994,26.8856501599,2.9347187395,ERSSTv5,3
2018-05-01,30.0489956398,26.9982031795,3.0507924603,ERSSTv5,3
2018-06-01,30.1124764143,26.8574579082,3.2550185061,ERSSTv5,3
2018-07-01,29.8883505227,26.2342924176,3.6540581050,ERSSTv5,3
2018-08-01,29.9269313466,25.5103789147,4.4165524320,ERSSTv5,3
2018-09-01,29.9820769123,25.7550223322,4.2270545801,ERSSTv5,3
2018-10-01,30.3089737227,26.2944082472,4.0145654754,ERSSTv5,3
2018-11-01,30.3106568920,26.4930413917,3.8176155003,ERSSTv5,3
2018-12-01,30.1742157933,26.5705415926,3.6036742006,ERSSTv5,3
2019-01-01,29.7007544216,26.5623996969,3.1383547247,ERSSTv5,3
2019-02-01,29.3494973961,27.1725167982,2.1769805979,ERSSTv5,3
2019-03-01,29.4085192277,27.8600422736,1.5484769540,ERSSTv5,3
2019-04-01,29.5941177475,28.0855612096,1.5085565380,ERSSTv5,3
2019-05-01,30.0161380096,27.8376502713,2.1784877383,ERSSTv5,3
2019-06-01,30.0661517544,27.1109393874,2.9552123670,ERSSTv5,3
2019-07-01,30.1387403581,26.1487184360,3.9900219221,ERSSTv5,3
2019-08-01,29.9634220273,25.2549584132,4.7084636141,ERSSTv5,3
2019-09-01,29.9011363168,25.1065333195,4.7946029972,ERSSTv5,3
2019-10-01,30.2198329868,25.6330215354,4.5868114513,ERSSTv5,3
2019-11-01,30.1139104020,25.8589933861,4.2549170159,ERSSTv5,3
2019-12-01,30.1532638734,25.8841623849,4.2691014884,ERSSTv5,3
2020-01-01,29.9596953407,26.2008250451,3.7588702956,ERSSTv5,3
2020-02-01,29.8855229214,26.6494486240,3.2360742975,ERSSTv5,3
2020-03-01,30.0043711352,27.4164157070,2.5879554281,ERSSTv5,3
2020-04-01,30.0296686221,27.7661395052,2.2635291169,ERSSTv5,3
2020-05-01,30.1180492131,26.8825688061,3.2354804070,ERSSTv5,3
2020-06-01,30.1921512546,26.1742086055,4.0179426492,ERSSTv5,3
2020-07-01,30.1631511850,25.5327139499,4.6304372352,ERSSTv5,3
2020-08-01,29.9863919729,24.7724844139,5.2139075590,ERSSTv5,3
2020-09-01,29.9012023371,24.2556034767,5.6455988604,ERSSTv5,3
2020-10-01,29.8903244727,24.1432498743,5.7470745984,ERSSTv5,3
2020-11-01,29.7917524315,24.0944916839,5.6972607476,ERSSTv5,3
2020-12-01,29.6904549937,24.4865446803,5.2039103134,ERSSTv5,3
2021-01-01,29.4678797506,25.0337880696,4.4340916810,ERSSTv5,3
2021-02-01,29.2822749978,25.5245648459,3.7577101519,ERSSTv5,3
2021-03-01,29.4069873302,26.3129235879,3.0940637423,ERSSTv5,3
2021-04-01,29.6693694877,26.6825202984,2.9868491893,ERSSTv5,3
2021-05-01,29.8606587684,26.7430264858,3.1176322826,ERSSTv5,3
2021-06-01,29.7706492517,26.5042072992,3.2664419526,ERSSTv5,3
2021-07-01,29.7471867039,25.7605161745,3.9866705294,ERSSTv5,3
2021-08-01,29.8315010207,24.9684586172,4.8630424035,ERSSTv5,3
2021-09-01,29.7832834943,24.7656171917,5.0176663026,ERSSTv5,3
2021-10-01,29.9058073726,24.4424178907,5.4633894818,ERSSTv5,3
2021-11-01,29.9236640863,24.3870669762,5.5365971101,ERSSTv5,3
2021-12-01,29.7805684559,24.1903740641,5.5901943918,ERSSTv5,3
2022-01-01,29.6896408287,24.5575992989,5.1320415298,ERSSTv5,3
2022-02-01,29.4694972949,25.2917724529,4.1777248420,ERSSTv5,3
2022-03-01,29.5230731218,26.2438836410,3.2791894808,ERSSTv5,3
2022-04-01,29.4502356686,26.4362451429,3.0139905257,ERSSTv5,3
2022-05-01,29.7478783736,26.1507910107,3.5970873629,ERSSTv5,3
2022-06-01,29.7794893454,25.9899432704,3.7895460751,ERSSTv5,3
2022-07-01,29.5164761194,25.4502686431,4.0662074763,ERSSTv5,3
2022-08-01,29.3691281791,24.6621187978,4.7070093813,ERSSTv5,3
2022-09-01,29.4957554997,24.2571028360,5.2386526638,ERSSTv5,3
2022-10-01,29.6424056858,24.2076391346,5.4347665512,ERSSTv5,3
2022-11-01,29.8802232746,24.4469992769,5.4332239977,ERSSTv5,3
2022-12-01,29.8072762456,24.6378290562,5.1694471894,ERSSTv5,3
2023-01-01,29.5902485799,25.1682393418,4.4220092381,ERSSTv5,3
2023-02-01,29.4030221237,26.2076492579,3.1953728658,ERSSTv5,3
2023-03-01,29.7105616026,27.2884549461,2.4221066565,ERSSTv5,3
2023-04-01,30.0832728704,27.9049665121,2.1783063583,ERSSTv5,3
2023-05-01,30.2654161155,28.0564791763,2.2089369392,ERSSTv5,3
2023-06-01,30.2466507282,28.0204225487,2.2262281795,ERSSTv5,3
2023-07-01,30.1200009670,27.6414101326,2.4785908343,ERSSTv5,3
2023-08-01,29.9594151225,27.4285997234,2.5308153992,ERSSTv5,3
2023-09-01,30.0186984838,27.3846653816,2.6340331022,ERSSTv5,3
2023-10-01,29.9820473757,27.5495274122,2.4325199635,ERSSTv5,3
2023-11-01,30.0159533800,27.7564811280,2.2594722521,ERSSTv5,3
2023-12-01,30.0702504095,27.7199150266,2.3503353829,ERSSTv5,3
2024-01-01,30.3228874861,27.7869678462,2.5359196399,ERSSTv5,3
2024-02-01,29.9410334164,28.0315525754,1.9094808410,ERSSTv5,3
2024-03-01,30.0685719811,28.0402173306,2.0283546505,ERSSTv5,3
2024-04-01,30.3568873534,28.0417133691,2.3151739843,ERSSTv5,3
2024-05-01,30.5919665262,27.1372693269,3.4546971994,ERSSTv5,3
2024-06-01,30.4735004863,26.6277301666,3.8457703197,ERSSTv5,3
2024-07-01,30.2748012805,25.9600289267,4.3147723538,ERSSTv5,3
2024-08-01,30.1787621445,25.2021394758,4.9766226688,ERSSTv5,3
2024-09-01,30.1491415428,25.0075156734,5.1416258695,ERSSTv5,3
2024-10-01,30.2531047452,25.1391327789,5.1139719663,ERSSTv5,3
2024-11-01,30.3157191855,25.2553388515,5.0603803340,ERSSTv5,3
2024-12-01,30.1753423676,25.0157378695,5.1596044981,ERSSTv5,3
2025-01-01,30.1078031631,25.3312640714,4.7765390916,ERSSTv5,3
2025-02-01,29.8421408758,26.2692210483,3.5729198274,ERSSTv5,3
2025-03-01,29.6919067391,27.4348220490,2.2570846901,ERSSTv5,3
2025-04-01,29.9009861328,27.4958716601,2.4051144727,ERSSTv5,3
2025-05-01,30.1215994467,27.1883239431,2.9332755036,ERSSTv5,3
2025-06-01,30.2081956933,26.7776674063,3.4305282870,ERSSTv5,3
2025-07-01,30.1038985870,26.0630488960,4.0408496909,ERSSTv5,3
2025-08-01,30.0500287119,25.1704491755,4.8795795364,ERSSTv5,3
2025-09-01,30.0174685649,24.7715401437,5.2459284212,ERSSTv5,3
2025-10-01,29.9628187398,24.9134412789,5.0493774609,ERSSTv5,3
2025-11-01,30.0541332668,24.7224286143,5.3317046525,ERSSTv5,3
2025-12-01,30.1485828885,24.6543701326,5.4942127559,ERSSTv5,3
1950-01-01,28.6116518291,24.0950843743,4.5165674548,ERSSTv5,5
1950-02-01,28.5139310031,25.0155114412,3.4984195619,ERSSTv5,5
1950-03-01,28.5027380933,26.1963643040,2.3063737892,ERSSTv5,5
1950-04-01,28.6286467048,26.3779261668,2.2507205380,ERSSTv5,5
1950-05-01,28.7259696117,25.9629669980,2.7630026137,ERSSTv5,5
1950-06-01,29.7906123471,25.8844846797,3.9061276674,ERSSTv5,5
1950-07-01,29.1194130086,25.4248635439,3.6945494648,ERSSTv5,5
1950-08-01,28.8509327114,25.0318997094,3.8190330020,ERSSTv5,5
1950-09-01,28.0505339562,24.6956087768,3.3549251794,ERSSTv5,5
1950-10-01,28.3241256632,24.7691435815,3.5549820817,ERSSTv5,5
1950-11-01,28.9549638830,24.4730443008,4.4819195821,ERSSTv5,5
1950-12-01,29.0707803007,24.6688809668,4.4018993339,ERSSTv5,5
1951-01-01,29.1129711664,25.1125439975,4.0004271690,ERSSTv5,5
1951-02-01,28.5445442130,25.8037466071,2.7407976059,ERSSTv5,5
1951-03-01,28.6727747121,26.9501479860,1.7226267261,ERSSTv5,5
1951-04-01,29.0108448194,27.5083758269,1.5024689925,ERSSTv5,5
1951-05-01,29.4160509107,27.4627042247,1.9533466860,ERSSTv5,5
1951-06-01,29.0935281797,27.1269636752,1.9665645044,ERSSTv5,5
1951-07-01,28.8342398976,26.9541209369,1.8801189607,ERSSTv5,5
1951-08-01,28.2420736395,26.2042214724,2.0378521671,ERSSTv5,5
1951-09-01,28.7497502042,26.1747418688,2.5750083354,ERSSTv5,5
1951-10-01,28.9621868914,26.2903889180,2.6717979734,ERSSTv5,5
1951-11-01,29.2139130089,26.4841364665,2.7297765424,ERSSTv5,5
1951-12-01,29.0670601303,26.2818411418,2.7852189885,ERSSTv5,5
1952-01-01,28.9884042479,26.2141782601,2.7742259878,ERSSTv5,5
1952-02-01,28.6955827287,26.6275176049,2.0680651239,ERSSTv5,5
1952-03-01,28.5504179090,27.1987962229,1.3516216862,ERSSTv5,5
1952-04-01,28.8139740349,27.5355224756,1.2784515594,ERSSTv5,5
1952-05-01,29.0145618911,27.1241859613,1.8903759298,ERSSTv5,5
1952-06-01,28.9121795021,26.3033197779,2.6088597242,ERSSTv5,5
1952-07-01,28.6683322087,25.5100142874,3.1583179213,ERSSTv5,5
1952-08-01,28.2914800631,25.2047679638,3.0867120994,ERSSTv5,5
1952-09-01,28.9540158031,25.1154534714,3.8385623316,ERSSTv5,5
1952-10-01,29.1658199372,25.1235795054,4.0422404318,ERSSTv5,5
1952-11-01,29.2432014672,24.8479510134,4.3952504538,ERSSTv5,5
1952-12-01,28.7608781227,25.3109675535,3.4499105692,ERSSTv5,5
1953-01-01,28.9360735086,26.1443298766,2.7917436320,ERSSTv5,5
1953-02-01,28.8921913267,26.8379276496,2.0542636771,ERSSTv5,5
1953-03-01,28.6942952804,27.5767184394,1.1175768410,ERSSTv5,5
1953-04-01,28.7220816615,27.9219584985,0.8001231630,ERSSTv5,5
1953-05-01,28.8904834119,27.8043456633,1.0861377486,ERSSTv5,5
1953-06-01,29.0271528469,27.3922848257,1.6348680212,ERSSTv5,5
1953-07-01,28.8251593184,26.4733009749,2.3518583435,ERSSTv5,5
1953-08-01,28.7490972345,25.8640461137,2.8850511208,ERSSTv5,5
1953-09-01,28.5873397132,25.9494216980,2.6379180152,ERSSTv5,5
1953-10-01,28.9468915165,25.8497503874,3.0971411291,ERSSTv5,5
1953-11-01,28.9654133017,25.8896046850,3.0758086167,ERSSTv5,5
1953-12-01,29.0125127331,26.1297455653,2.8827671678,ERSSTv5,5
1954-01-01,28.7484853181,26.1611177091,2.5873676090,ERSSTv5,5
1954-02-01,28.7831175177,26.6222996901,2.1608178276,ERSSTv5,5
1954-03-01,28.6268301791,26.8171412995,1.8096888796,ERSSTv5,5
1954-04-01,28.8690448197,26.1296875180,2.7393573018,ERSSTv5,5
1954-05-01,28.9435924501,26.2159571055,2.7276353446,ERSSTv5,5
1954-06-01,29.0067164865,25.7191614449,3.2875550416,ERSSTv5,5
1954-07-01,28.9515479150,25.0014537461,3.9500941689,ERSSTv5,5
1954-08-01,28.9732294219,24.3027525857,4.6704768362,ERSSTv5,5
1954-09-01,28.9826859419,23.9909798382,4.9917061037,ERSSTv5,5
1954-10-01,28.9644199617,24.1054868682,4.8589330935,ERSSTv5,5
1954-11-01,28.6707861285,24.4643103699,4.2064757586,ERSSTv5,5
1954-12-01,28.5817254486,24.3630229806,4.2187024681,ERSSTv5,5
1955-01-01,28.7456445104,25.2089772810,3.5366672294,ERSSTv5,5
1955-02-01,28.6050992991,25.8477452028,2.7573540963,ERSSTv5,5
1955-03-01,28.4485250576,26.3168001710,2.1317248866,ERSSTv5,5
1955-04-01,28.3729990210,26.4821679279,1.8908310932,ERSSTv5,5
1955-05-01,28.3898944277,26.0016624126,2.3882320151,ERSSTv5,5
1955-06-01,28.6750377558,25.6391975077,3.0358402481,ERSSTv5,5
1955-07-01,28.8259655120,25.1069091848,3.7190563272,ERSSTv5,5
1955-08-01,28.5641410249,24.4519475518,4.1121934730,ERSSTv5,5
1955-09-01,28.7237823789,24.1211765186,4.6026058603,ERSSTv5,5
1955-10-01,28.6201420860,23.3903088006,5.2298332853,ERSSTv5,5
1955-11-01,28.8432970946,23.3888856845,5.4544114102,ERSSTv5,5
1955-12-01,28.9080431583,23.7631801630,5.1448629953,ERSSTv5,5
1956-01-01,28.7697737329,24.8897837571,3.8799899758,ERSSTv5,5
1956-02-01,28.6370460057,25.7617975178,2.8752484879,ERSSTv5,5
1956-03-01,28.5860396224,26.6258959657,1.9601436567,ERSSTv5,5
1956-04-01,28.7532653823,26.8894150152,1.8638503672,ERSSTv5,5
1956-05-01,29.0240787458,26.7147205634,2.3093581825,ERSSTv5,5
1956-06-01,29.1311632178,26.1747812241,2.9563819937,ERSSTv5,5
1956-07-01,28.9792397318,25.3688409704,3.6103987614,ERSSTv5,5
1956-08-01,28.5587346540,24.7209392677,3.8377953863,ERSSTv5,5
1956-09-01,28.6821677970,24.5928055184,4.0893622786,ERSSTv5,5
1956-10-01,29.2782482397,24.6447704974,4.6334777423,ERSSTv5,5
1956-11-01,29.4333524341,24.5375314929,4.8958209412,ERSSTv5,5
1956-12-01,29.5042688900,24.7242839441,4.7799849458,ERSSTv5,5
1957-01-01,29.2142671392,25.3967954129,3.8174717264,ERSSTv5,5
1957-02-01,28.9684633339,26.3828248700,2.5856384639,ERSSTv5,5
1957-03-01,28.8317810858,27.4991085021,1.3326725837,ERSSTv5,5
1957-04-01,29.0759162333,28.0423348950,1.0335813383,ERSSTv5,5
1957-05-01,29.1368189239,28.0956787362,1.0411401877,ERSSTv5,5
1957-06-01,28.5947819628,27.7034874265,0.8912945363,ERSSTv5,5
1957-07-01,28.2777773310,27.3452712676,0.9325060635,ERSSTv5,5
1957-08-01,28.6650790921,26.6993463134,1.9657327787,ERSSTv5,5
1957-09-01,28.6946208653,26.3432271920,2.3513936733,ERSSTv5,5
1957-10-01,28.9944259458,26.3339148038,2.6605111420,ERSSTv5,5
1957-11-01,28.7130554004,26.6741230348,2.0389323655,ERSSTv5,5
1957-12-01,28.7647930826,27.0497634753,1.7150296073,ERSSTv5,5
1958-01-01,28.7692429057,27.5007573457,1.2684855600,ERSSTv5,5
1958-02-01,29.0665182791,27.8282643159,1.2382539633,ERSSTv5,5
1958-03-01,29.0835590483,28.0329037353,1.0506553129,ERSSTv5,5
1958-04-01,28.9338665865,28.0733462955,0.8605202910,ERSSTv5,5
1958-05-01,28.9510693816,27.7092603130,1.2418090686,ERSSTv5,5
1958-06-01,28.8389293990,27.1307004002,1.7082289988,ERSSTv5,5
1958-07-01,28.6790340244,26.2945534346,2.3844805898,ERSSTv5,5
1958-08-01,28.6827481270,25.6780548272,3.0046932998,ERSSTv5,5
1958-09-01,28.9781867536,25.2183925898,3.7597941638,ERSSTv5,5
1958-10-01,29.1054554127,25.3216770391,3.7837783736,ERSSTv5,5
1958-11-01,29.0399911111,25.6403671895,3.3996239215,ERSSTv5,5
1958-12-01,29.0345025364,25.5877651526,3.4467373838,ERSSTv5,5
1959-01-01,28.4448164094,26.2333950316,2.2114213778,ERSSTv5,5
1959-02-01,28.1655428897,26.7534961100,1.4120467797,ERSSTv5,5
1959-03-01,28.2940834483,27.3101283840,0.9839550644,ERSSTv5,5
1959-04-01,28.7320255518,27.6699049308,1.0621206210,ERSSTv5,5
1959-05-01,29.1875631180,27.1734258116,2.0141373064,ERSSTv5,5
1959-06-01,29.0371025574,26.5077642169,2.5293383405,ERSSTv5,5
1959-07-01,29.0178506112,25.5183828239,3.4994677872,ERSSTv5,5
1959-08-01,28.9575315778,24.9760370729,3.9814945050,ERSSTv5,5
1959-09-01,28.9302022143,24.8929166778,4.0372855365,ERSSTv5,5
1959-10-01,29.1487165966,25.2632429992,3.8854735974,ERSSTv5,5
1959-11-01,29.2074648198,25.1940542820,4.0134105378,ERSSTv5,5
1959-12-01,29.0948268835,25.3389680812,3.7558588023,ERSSTv5,5
1960-01-01,28.6945270905,25.7069290427,2.9875980478,ERSSTv5,5
1960-02-01,28.6615937523,26.1026714545,2.5589222978,ERSSTv5,5
1960-03-01,28.7043667203,26.9333756543,1.7709910660,ERSSTv5,5
1960-04-01,28.7063149271,27.2367115986,1.4696033285,ERSSTv5,5
1960-05-01,29.1657517997,27.0499900263,2.1157617733,ERSSTv5,5
1960-06-01,28.9575246015,26.3777335270,2.5797910745,ERSSTv5,5
1960-07-01,28.8765536097,25.8253357182,3.0512178915,ERSSTv5,5
1960-08-01,28.7943931926,25.4970794130,3.2973137796,ERSSTv5,5
1960-09-01,28.8980572378,25.3490201069,3.5490371309,ERSSTv5,5
1960-10-01,29.0545964127,24.9815448203,4.0730515924,ERSSTv5,5
1960-11-01,29.4239644441,25.0244465089,4.3995179352,ERSSTv5,5
1960-12-01,29.2613996362,25.2824531009,3.9789465353,ERSSTv5,5
1961-01-01,28.8734761358,25.6412549031,3.2322212328,ERSSTv5,5
1961-02-01,28.8950089181,26.4726786520,2.4223302661,ERSSTv5,5
1961-03-01,28.7175584257,26.9539647990,1.7635936267,ERSSTv5,5
1961-04-01,28.9069180809,27.3418641389,1.5650539420,ERSSTv5,5
1961-05-01,29.0437769760,27.2430837273,1.8006932487,ERSSTv5,5
1961-06-01,28.9315569897,26.8037535247,2.1278034650,ERSSTv5,5
1961-07-01,28.7806609191,25.6039585089,3.1767024102,ERSSTv5,5
1961-08-01,28.6385320808,24.9361392012,3.7023928795,ERSSTv5,5
1961-09-01,28.8537987524,24.4651291591,4.3886695933,ERSSTv5,5
1961-10-01,28.9441760582,24.5243912107,4.4197848475,ERSSTv5,5
1961-11-01,29.0844252324,25.0390314265,4.0453938059,ERSSTv5,5
1961-12-01,29.2708103291,25.1767462385,4.0940640906,ERSSTv5,5
1962-01-01,29.3195089290,25.4857828589,3.8337260701,ERSSTv5,5
1962-02-01,29.0277180840,26.1564590414,2.8712590426,ERSSTv5,5
1962-03-01,28.9606998186,26.6476592425,2.3130405761,ERSSTv5,5
1962-04-01,29.0747596625,26.7383589248,2.3364007377,ERSSTv5,5
1962-05-01,29.0186398698,26.5269704867,2.4916693831,ERSSTv5,5
1962-06-01,29.2131548852,26.2049043598,3.0082505254,ERSSTv5,5
1962-07-01,29.0341064563,25.6853199503,3.3487865060,ERSSTv5,5
1962-08-01,29.0350090080,25.3006632849,3.7343457232,ERSSTv5,5
1962-09-01,29.1740110821,24.8671492419,4.3068618402,ERSSTv5,5
1962-10-01,29.3055655660,24.8633875990,4.4421779670,ERSSTv5,5
1962-11-01,29.2289004892,24.7320059185,4.4968945707,ERSSTv5,5
1962-12-01,29.1110322233,24.7520183306,4.3590138927,ERSSTv5,5
1963-01-01,29.0631113627,25.2765513491,3.7865600136,ERSSTv5,5
1963-02-01,29.0841857963,26.0385440468,3.0456417495,ERSSTv5,5
1963-03-01,29.2095310110,27.0638556283,2.1456753827,ERSSTv5,5
1963-04-01,29.4774897764,27.5539043623,1.9235854141,ERSSTv5,5
1963-05-01,29.5284780493,27.1912624638,2.3372155855,ERSSTv5,5
1963-06-01,29.3327480253,26.9202541188,2.4124939065,ERSSTv5,5
1963-07-01,29.1288062346,26.7783924682,2.3504137664,ERSSTv5,5
1963-08-01,29.2112078462,26.3737045829,2.8375032633,ERSSTv5,5
1963-09-01,29.2253651004,26.1629014030,3.0624636975,ERSSTv5,5
1963-10-01,29.0784383914,26.1902926564,2.8881457349,ERSSTv5,5
1963-11-01,29.0145211449,26.3856947406,2.6288264043,ERSSTv5,5
1963-12-01,28.9364976102,26.6081366508,2.3283609594,ERSSTv5,5
1964-01-01,28.8436195993,26.5726559189,2.2709636804,ERSSTv5,5
1964-02-01,28.8428515868,26.6739003288,2.1689512580,ERSSTv5,5
1964-03-01,28.8842079017,26.8803608080,2.0038470937,ERSSTv5,5
1964-04-01,29.2645929012,26.5427511519,2.7218417493,ERSSTv5,5
1964-05-01,29.2789824175,25.9891479015,3.2898345160,ERSSTv5,5
1964-06-01,28.9970383632,25.6368398634,3.3601984998,ERSSTv5,5
1964-07-01,28.9323301396,25.3280881616,3.6042419781,ERSSTv5,5
1964-08-01,28.6222599787,24.3774409226,4.2448190560,ERSSTv5,5
1964-09-01,28.6977781403,24.3873481872,4.3104299532,ERSSTv5,5
1964-10-01,28.9879545078,24.4113101013,4.5766444065,ERSSTv5,5
1964-11-01,28.9740457909,24.4389741063,4.5350716846,ERSSTv5,5
1964-12-01,28.6101494273,24.3195252436,4.2906241837,ERSSTv5,5
1965-01-01,28.5765566388,25.1559787273,3.4205779114,ERSSTv5,5
1965-02-01,28.5304528783,26.0882358753,2.4422170031,ERSSTv5,5
1965-03-01,28.6592655852,26.9806052573,1.6786603279,ERSSTv5,5
1965-04-01,28.6518134561,27.4586889318,1.1931245243,ERSSTv5,5
1965-05-01,28.9200531142,27.7641156078,1.1559375064,ERSSTv5,5
1965-06-01,28.8854194845,27.4968271826,1.3885923019,ERSSTv5,5
1965-07-01,28.4397714171,27.0290128587,1.4107585583,ERSSTv5,5
1965-08-01,28.3178053348,26.8532039677,1.4646013671,ERSSTv5,5
1965-09-01,28.4428441045,26.7490072759,1.6938368285,ERSSTv5,5
1965-10-01,28.7119361738,26.9161644343,1.7957717395,ERSSTv5,5
1965-11-01,28.8469093723,27.0603946711,1.7865147012,ERSSTv5,5
1965-12-01,28.8315389555,27.0307574551,1.8007815004,ERSSTv5,5
1966-01-01,28.7492514533,27.1194180436,1.6298334097,ERSSTv5,5
1966-02-01,28.8221861799,27.2138809194,1.6083052606,ERSSTv5,5
1966-03-01,28.8303417055,27.6040747680,1.2262669375,ERSSTv5,5
1966-04-01,28.8859569782,27.5946942029,1.2912627753,ERSSTv5,5
1966-05-01,28.9313521273,26.7275231397,2.2038289876,ERSSTv5,5
1966-06-01,28.9916652817,26.5479490664,2.4437162153,ERSSTv5,5
1966-07-01,28.9749806286,26.1083863026,2.8665943260,ERSSTv5,5
1966-08-01,28.9702227235,25.2207757708,3.7494469527,ERSSTv5,5
1966-09-01,29.1320814567,24.9676046897,4.1644767670,ERSSTv5,5
1966-10-01,29.2889529546,25.0968701570,4.1920827975,ERSSTv5,5
1966-11-01,29.4228688491,25.0183695397,4.4044993094,ERSSTv5,5
1966-12-01,29.1297508836,24.9736287167,4.1561221669,ERSSTv5,5
1967-01-01,28.8556468449,25.3657711945,3.4898756504,ERSSTv5,5
1967-02-01,28.7598217921,26.0938943532,2.6659274389,ERSSTv5,5
1967-03-01,28.8920834459,26.5004289706,2.3916544753,ERSSTv5,5
1967-04-01,29.3173221665,26.6332903041,2.6840318624,ERSSTv5,5
1967-05-01,29.4433150556,26.9340174465,2.5092976091,ERSSTv5,5
1967-06-01,29.2680240785,26.7017542250,2.5662698535,ERSSTv5,5
1967-07-01,28.9710666458,25.8793389818,3.0917276639,ERSSTv5,5
1967-08-01,28.9869537528,25.0454890959,3.9414646570,ERSSTv5,5
1967-09-01,29.2483264319,24.4552024255,4.7931240065,ERSSTv5,5
1967-10-01,29.1776525267,24.6075610059,4.5700915208,ERSSTv5,5
1967-11-01,29.0013262923,24.8249890033,4.1763372889,ERSSTv5,5
1967-12-01,28.9942273013,24.8689172671,4.1253100342,ERSSTv5,5
1968-01-01,29.0428073719,24.9632554485,4.0795519234,ERSSTv5,5
1968-02-01,28.9206490092,25.3308721326,3.5897768766,ERSSTv5,5
1968-03-01,29.0677785822,26.0883570890,2.9794214932,ERSSTv5,5
1968-04-01,28.9623047546,26.7767197217,2.1855850328,ERSSTv5,5
1968-05-01,29.1535829845,26.4707802689,2.6828027157,ERSSTv5,5
1968-06-01,29.5164037222,26.8060041736,2.7103995485,ERSSTv5,5
1968-07-01,29.2640398940,26.4959376435,2.7681022506,ERSSTv5,5
1968-08-01,29.0808956887,25.9149191323,3.1659765564,ERSSTv5,5
1968-09-01,29.1828857230,25.6571411762,3.5257445468,ERSSTv5,5
1968-10-01,29.5199653040,25.7204476213,3.7995176827,ERSSTv5,5
1968-11-01,29.3126244635,26.0275807817,3.2850436818,ERSSTv5,5
1968-12-01,29.4021515274,26.3440338778,3.0581176496,ERSSTv5,5
1969-01-01,29.4326923372,26.7446239878,2.6880683494,ERSSTv5,5
1969-02-01,29.0741594049,27.2634699433,1.8106894616,ERSSTv5,5
1969-03-01,29.2321295005,27.6987603747,1.5333691258,ERSSTv5,5
1969-04-01,29.4340342980,27.9917403054,1.4422939926,ERSSTv5,5
1969-05-01,29.5567467592,28.0151556741,1.5415910852,ERSSTv5,5
1969-06-01,29.5548554733,27.2267422997,2.3281131736,ERSSTv5,5
1969-07-01,29.4250627025,26.2783043779,3.1467583247,ERSSTv5,5
1969-08-01,29.3966345009,26.0059627775,3.3906717234,ERSSTv5,5
1969-09-01,29.6897124201,26.0635147527,3.6261976674,ERSSTv5,5
1969-10-01,29.6817286274,26.2998422379,3.3818863894,ERSSTv5,5
1969-11-01,29.7782087139,26.2834421798,3.4947665341,ERSSTv5,5
1969-12-01,29.5977378765,26.3953189493,3.2024189272,ERSSTv5,5
1970-01-01,29.4192912666,26.4547280909,2.9645631757,ERSSTv5,5
1970-02-01,29.4296239219,26.7090305718,2.7205933501,ERSSTv5,5
1970-03-01,29.2937542709,26.9793262138,2.3144280572,ERSSTv5,5
1970-04-01,29.0379330471,27.3828523519,1.6550806952,ERSSTv5,5
1970-05-01,29.2977920822,26.8550107932,2.4427812890,ERSSTv5,5
1970-06-01,29.1339738523,25.9637102147,3.1702636376,ERSSTv5,5
1970-07-01,29.1812469915,24.8533769041,4.3278700875,ERSSTv5,5
1970-08-01,29.0051773024,24.2932440910,4.7119332114,ERSSTv5,5
1970-09-01,29.1530565771,24.4600858661,4.6929707111,ERSSTv5,5
1970-10-01,29.1670947802,24.5132020204,4.6538927598,ERSSTv5,5
1970-11-01,29.3357159033,24.4742572356,4.8614586678,ERSSTv5,5
1970-12-01,28.9455319703,24.5076139017,4.4379180686,ERSSTv5,5
1971-01-01,28.7970543448,24.4736412798,4.3234130650,ERSSTv5,5
1971-02-01,28.8202266718,25.0926412877,3.7275853841,ERSSTv5,5
1971-03-01,28.7405006043,26.0061722516,2.7343283527,ERSSTv5,5
1971-04-01,28.8877130279,26.6129720790,2.2747409489,ERSSTv5,5
1971-05-01,28.9968346001,26.4494355587,2.5473990414,ERSSTv5,5
1971-06-01,28.8333868230,25.8620532692,2.9713335538,ERSSTv5,5
1971-07-01,28.7492745460,25.2696800212,3.4795945249,ERSSTv5,5
1971-08-01,28.6412877035,24.5839602977,4.0573274058,ERSSTv5,5
1971-09-01,28.6372484330,24.6134621920,4.0237862410,ERSSTv5,5
1971-10-01,28.9081107681,24.4079736090,4.5001371591,ERSSTv5,5
1971-11-01,29.2530852404,24.5535854174,4.6994998230,ERSSTv5,5
1971-12-01,29.2290433445,24.4896257130,4.7394176316,ERSSTv5,5
1972-01-01,28.9409214403,25.3087273234,3.6321941169,ERSSTv5,5
1972-02-01,28.8441487742,26.1551008938,2.6890478803,ERSSTv5,5
1972-03-01,29.0992915477,27.0335250875,2.0657664602,ERSSTv5,5
1972-04-01,29.1592374626,27.7658747302,1.3933627324,ERSSTv5,5
1972-05-01,28.9922923211,27.8248605324,1.1674317887,ERSSTv5,5
1972-06-01,28.9247654529,27.6250164142,1.2997490387,ERSSTv5,5
1972-07-01,28.7455437401,27.4590815637,1.2864621764,ERSSTv5,5
1972-08-01,28.3842633937,27.2107265702,1.1735368235,ERSSTv5,5
1972-09-01,28.4367006608,26.9424996735,1.4942009872,ERSSTv5,5
1972-10-01,28.7883675062,27.3057204638,1.4826470424,ERSSTv5,5
1972-11-01,28.9703254114,27.6445156072,1.3258098042,ERSSTv5,5
1972-12-01,28.9047562298,27.9536870242,0.9510692057,ERSSTv5,5
1973-01-01,28.8898007541,27.8196698503,1.0701309038,ERSSTv5,5
1973-02-01,28.7223839268,27.5382681646,1.1841157622,ERSSTv5,5
1973-03-01,29.0086856879,27.4367916480,1.5718940400,ERSSTv5,5
1973-04-01,29.1098750917,26.9818257045,2.1280493872,ERSSTv5,5
1973-05-01,29.2466946565,26.3830410529,2.8636536036,ERSSTv5,5
1973-06-01,29.2368507001,25.7276286444,3.5092220557,ERSSTv5,5
1973-07-01,28.9900859728,24.8067204946,4.1833654782,ERSSTv5,5
1973-08-01,28.9057479121,24.2041477407,4.7016001714,ERSSTv5,5
1973-09-01,29.0523888182,24.0700865869,4.9823022313,ERSSTv5,5
1973-10-01,29.0810449404,23.9294206176,5.1516243228,ERSSTv5,5
1973-11-01,29.0719708002,23.7797842370,5.2921865632,ERSSTv5,5
1973-12-01,29.1205835810,23.8106750426,5.3099085383,ERSSTv5,5
1974-01-01,28.7782485804,24.1912674562,4.5869811242,ERSSTv5,5
1974-02-01,28.7539558132,25.2251075516,3.5288482616,ERSSTv5,5
1974-03-01,29.0413409767,26.1562413495,2.8850996272,ERSSTv5,5
1974-04-01,28.9572472651,26.6777408043,2.2795064608,ERSSTv5,5
1974-05-01,29.0388925068,26.5123434423,2.5265490646,ERSSTv5,5
1974-06-01,29.1174070303,26.1035475394,3.0138594910,ERSSTv5,5
1974-07-01,29.0698484694,25.6715613968,3.3982870725,ERSSTv5,5
1974-08-01,28.9900884802,25.3525617282,3.6375267520,ERSSTv5,5
1974-09-01,28.8260875311,24.9910522434,3.8350352877,ERSSTv5,5
1974-10-01,28.8734609530,24.7054211878,4.1680397652,ERSSTv5,5
1974-11-01,29.0481327009,24.6751572569,4.3729754440,ERSSTv5,5
1974-12-01,28.8121156853,24.7563084532,4.0558072322,ERSSTv5,5
1975-01-01,28.6067626682,25.5621061223,3.0446565460,ERSSTv5,5
1975-02-01,28.4632304084,25.8779343917,2.5852960166,ERSSTv5,5
1975-03-01,28.6635585111,26.3938364497,2.2697220613,ERSSTv5,5
1975-04-01,28.9344691070,26.9898467097,1.9446223974,ERSSTv5,5
1975-05-01,29.1462979973,26.4413374737,2.7049605236,ERSSTv5,5
1975-06-01,29.0557073685,25.6346258273,3.4210815412,ERSSTv5,5
1975-07-01,28.9531790542,25.1072087841,3.8459702701,ERSSTv5,5
1975-08-01,28.7390275575,24.5295161365,4.2095114210,ERSSTv5,5
1975-09-01,28.4942207656,24.1124317397,4.3817890260,ERSSTv5,5
1975-10-01,28.4385536408,23.9657371441,4.4728164967,ERSSTv5,5
1975-11-01,28.6224419135,24.1824086225,4.4400332910,ERSSTv5,5
1975-12-01,28.5937066936,23.9304722494,4.6632344442,ERSSTv5,5
1976-01-01,28.8155521774,24.1611337404,4.6544184370,ERSSTv5,5
1976-02-01,28.4529939493,25.4706660385,2.9823279108,ERSSTv5,5
1976-03-01,28.6833551216,26.5477599763,2.1355951453,ERSSTv5,5
1976-04-01,28.9506757672,26.9574223403,1.9932534269,ERSSTv5,5
1976-05-01,29.0963828562,27.0310126492,2.0653702070,ERSSTv5,5
1976-06-01,29.0895943189,27.0853292928,2.0042650261,ERSSTv5,5
1976-07-01,28.9271061591,26.5960644443,2.3310417148,ERSSTv5,5
1976-08-01,28.7046938506,26.3316424508,2.3730513998,ERSSTv5,5
1976-09-01,28.6286710754,26.1927513604,2.4359197150,ERSSTv5,5
1976-10-01,29.1293657719,26.5081152167,2.6212505552,ERSSTv5,5
1976-11-01,29.4031393911,26.4720982229,2.9310411682,ERSSTv5,5
1976-12-01,29.3301635188,26.3109581264,3.0192053924,ERSSTv5,5
1977-01-01,29.0294372963,26.8186847499,2.2107525464,ERSSTv5,5
1977-02-01,29.1887800089,27.0227849871,2.1659950219,ERSSTv5,5
1977-03-01,29.0833500329,27.4397321173,1.6436179156,ERSSTv5,5
1977-04-01,29.3185737982,27.1767100928,2.1418637054,ERSSTv5,5
1977-05-01,29.3902577017,27.1822876549,2.2079700468,ERSSTv5,5
1977-06-01,29.3972692999,26.8965959458,2.5006733541,ERSSTv5,5
1977-07-01,29.1075572511,26.2874451197,2.8201121314,ERSSTv5,5
1977-08-01,29.0754244509,25.5591617542,3.5162626967,ERSSTv5,5
1977-09-01,29.1269352242,25.7222044145,3.4047308096,ERSSTv5,5
1977-10-01,29.1232755732,26.0711710671,3.0521045061,ERSSTv5,5
1977-11-01,29.2105950898,26.0308116272,3.1797834626,ERSSTv5,5
1977-12-01,29.2246722800,26.2495969360,2.9750753440,ERSSTv5,5
1978-01-01,29.0240327483,26.4339412258,2.5900915225,ERSSTv5,5
1978-02-01,28.8201372859,26.7141625318,2.1059747541,ERSSTv5,5
1978-03-01,29.0856902261,26.9130852718,2.1726049543,ERSSTv5,5
1978-04-01,28.9983765535,26.8364806159,2.1618959377,ERSSTv5,5
1978-05-01,29.3477967859,26.5331609746,2.8146358113,ERSSTv5,5
1978-06-01,29.5620266686,26.1585082415,3.4035184270,ERSSTv5,5
1978-07-01,29.2524447515,25.6598928438,3.5925519076,ERSSTv5,5
1978-08-01,29.3688119817,24.8828338048,4.4859781769,ERSSTv5,5
1978-09-01,29.4850839468,24.9147672038,4.5703167431,ERSSTv5,5
1978-10-01,29.2031642965,25.2147233619,3.9884409346,ERSSTv5,5
1978-11-01,29.3070696353,25.4129765937,3.8940930416,ERSSTv5,5
1978-12-01,29.2160922678,25.7991450724,3.4169471954,ERSSTv5,5
1979-01-01,29.3219802540,25.8891496675,3.4328305864,ERSSTv5,5
1979-02-01,29.0586563718,26.3871438069,2.6715125649,ERSSTv5,5
1979-03-01,29.3027627589,27.2273455712,2.0754171877,ERSSTv5,5
1979-04-01,29.2478933685,27.7443632458,1.5035301227,ERSSTv5,5
1979-05-01,29.3106019737,27.4047723283,1.9058296454,ERSSTv5,5
1979-06-01,29.3476743826,26.8827520449,2.4649223378,ERSSTv5,5
1979-07-01,29.1740795316,26.0673686270,3.1067109046,ERSSTv5,5
1979-08-01,28.9675221960,25.8309126384,3.1366095576,ERSSTv5,5
1979-09-01,28.8797878730,26.0712680326,2.8085198404,ERSSTv5,5
1979-10-01,29.2530186504,25.9999183784,3.2531002720,ERSSTv5,5
1979-11-01,29.5639172131,26.0897336639,3.4741835492,ERSSTv5,5
1979-12-01,29.4308591297,26.2024759572,3.2283831726,ERSSTv5,5
1980-01-01,29.3540958963,26.4982681279,2.8558277684,ERSSTv5,5
1980-02-01,29.2670022190,26.7309922608,2.5360099583,ERSSTv5,5
1980-03-01,29.2354708589,27.1915576146,2.0439132443,ERSSTv5,5
1980-04-01,29.2642425688,27.5693573592,1.6948852096,ERSSTv5,5
1980-05-01,29.4162396626,27.4886528125,1.9275868501,ERSSTv5,5
1980-06-01,29.1532689045,27.1794150547,1.9738538497,ERSSTv5,5
1980-07-01,29.1341726991,26.2298602127,2.9043124864,ERSSTv5,5
1980-08-01,28.9542642552,25.4780346923,3.4762295629,ERSSTv5,5
1980-09-01,28.9224814403,25.4468189485,3.4756624917,ERSSTv5,5
1980-10-01,29.3055823874,25.3511089074,3.9544734800,ERSSTv5,5
1980-11-01,29.6025627716,25.6411102157,3.9614525559,ERSSTv5,5
1980-12-01,29.6353391710,25.7938003881,3.8415387829,ERSSTv5,5
1981-01-01,29.5777586280,25.4889545966,4.0888040315,ERSSTv5,5
1981-02-01,29.3487799378,25.8436601631,3.5051197747,ERSSTv5,5
1981-03-01,29.1181927964,26.7357463793,2.3824464171,ERSSTv5,5
1981-04-01,29.0399136782,27.1820239881,1.8578896902,ERSSTv5,5
1981-05-01,29.4557640955,26.9779729460,2.4777911495,ERSSTv5,5
1981-06-01,29.3861699633,26.6151155338,2.7710544295,ERSSTv5,5
1981-07-01,29.0731860705,25.8021229787,3.2710630918,ERSSTv5,5
1981-08-01,28.9324772330,25.1416034864,3.7908737467,ERSSTv5,5
1981-09-01,29.2600037590,25.3864906034,3.8735131556,ERSSTv5,5
1981-10-01,29.4501846140,25.4311214754,4.0190631386,ERSSTv5,5
1981-11-01,29.8750530667,25.3543728761,4.5206801906,ERSSTv5,5
1981-12-01,29.7316946358,25.7005649138,4.0311297220,ERSSTv5,5
1982-01-01,29.4113326048,26.2289193160,3.1824132888,ERSSTv5,5
1982-02-01,29.2993878663,26.5338596893,2.7655281769,ERSSTv5,5
1982-03-01,29.2315074748,27.2519991355,1.9795083393,ERSSTv5,5
1982-04-01,29.4382358016,27.7636488362,1.6745869654,ERSSTv5,5
1982-05-01,29.5985717284,27.9335578319,1.6650138965,ERSSTv5,5
1982-06-01,29.5009431652,27.5966338029,1.9043093623,ERSSTv5,5
1982-07-01,28.9553975491,26.8282576419,2.1271399072,ERSSTv5,5
1982-08-01,28.6175113034,26.6854167906,1.9320945128,ERSSTv5,5
1982-09-01,28.8315663685,27.2978130907,1.5337532779,ERSSTv5,5
1982-10-01,29.0842525950,27.7786658962,1.3055866988,ERSSTv5,5
1982-11-01,29.0388737991,27.9360246650,1.1028491341,ERSSTv5,5
1982-12-01,29.1045703657,28.2859675755,0.8186027902,ERSSTv5,5
1983-01-01,28.9364934314,28.6248869625,0.3116064689,ERSSTv5,5
1983-02-01,28.6408333763,28.6386959955,0.0021373808,ERSSTv5,5
1983-03-01,28.6316798143,28.7769571005,-0.1452772862,ERSSTv5,5
1983-04-01,29.0349755719,28.9527664685,0.0822091034,ERSSTv5,5
1983-05-01,29.2181308088,28.9157477467,0.3023830621,ERSSTv5,5
1983-06-01,29.2377284104,28.2529499776,0.9847784329,ERSSTv5,5
1983-07-01,28.9304072678,26.9850117549,1.9453955128,ERSSTv5,5
1983-08-01,28.9472092197,26.1991416251,2.7480675946,ERSSTv5,5
1983-09-01,28.9507013754,25.5531427739,3.3975586015,ERSSTv5,5
1983-10-01,29.2293600160,24.9647220017,4.2646380142,ERSSTv5,5
1983-11-01,29.0666404117,24.7155240884,4.3511163233,ERSSTv5,5
1983-12-01,29.4100692521,24.9358492334,4.4742200187,ERSSTv5,5
1984-01-01,29.4114540360,25.4171880575,3.9942659785,ERSSTv5,5
1984-02-01,29.2192692616,26.3754541093,2.8438151523,ERSSTv5,5
1984-03-01,29.0453653208,26.8976730545,2.1476922663,ERSSTv5,5
1984-04-01,29.0881530816,27.1285055025,1.9596475791,ERSSTv5,5
1984-05-01,29.1767053203,26.6507736001,2.5259317203,ERSSTv5,5
1984-06-01,29.0769578993,25.9855488118,3.0914090875,ERSSTv5,5
1984-07-01,29.0399558594,25.7041690817,3.3357867778,ERSSTv5,5
1984-08-01,28.9585784396,25.4352530100,3.5233254296,ERSSTv5,5
1984-09-01,29.3108298518,25.2767242282,4.0341056236,ERSSTv5,5
1984-10-01,29.2601376742,24.9838194241,4.2763182501,ERSSTv5,5
1984-11-01,29.2927393823,24.7221038763,4.5706355060,ERSSTv5,5
1984-12-01,29.0914452722,24.5645014196,4.5269438526,ERSSTv5,5
1985-01-01,28.9295042646,24.9042165043,4.0252877603,ERSSTv5,5
1985-02-01,28.9126658394,25.7473779649,3.1652878745,ERSSTv5,5
1985-03-01,28.8635604584,26.4446397460,2.4189207124,ERSSTv5,5
1985-04-01,29.0734451481,26.5883154483,2.4851296998,ERSSTv5,5
1985-05-01,29.3607344759,26.4538799294,2.9068545465,ERSSTv5,5
1985-06-01,29.1720514052,26.0422351171,3.1298162880,ERSSTv5,5
1985-07-01,29.1881234645,25.4100008291,3.7781226354,ERSSTv5,5
1985-08-01,29.1040600412,25.0408685373,4.0631915039,ERSSTv5,5
1985-09-01,29.3466826681,24.8273536135,4.5193290546,ERSSTv5,5
1985-10-01,29.4917300402,25.0065759372,4.4851541029,ERSSTv5,5
1985-11-01,29.6419987342,25.1676928650,4.4743058692,ERSSTv5,5
1985-12-01,29.6183700541,25.2092887074,4.4090813467,ERSSTv5,5
1986-01-01,29.4794600728,25.3804388031,4.0990212697,ERSSTv5,5
1986-02-01,29.3653568670,26.0503429347,3.3150139323,ERSSTv5,5
1986-03-01,29.4406982468,26.8985441830,2.5421540638,ERSSTv5,5
1986-04-01,29.3190087531,27.3138520741,2.0051566790,ERSSTv5,5
1986-05-01,29.8239783135,26.9038584290,2.9201198844,ERSSTv5,5
1986-06-01,29.3443373565,26.6015164611,2.7428208954,ERSSTv5,5
1986-07-01,29.3429952738,26.2319832749,3.1110119989,ERSSTv5,5
1986-08-01,29.2677314857,25.9909662599,3.2767652257,ERSSTv5,5
1986-09-01,29.0340236569,25.9966017413,3.0374219157,ERSSTv5,5
1986-10-01,29.2909059476,26.2697093111,3.0211966365,ERSSTv5,5
1986-11-01,29.1689944962,26.5773134055,2.5916810907,ERSSTv5,5
1986-12-01,28.8089963042,26.7844337035,2.0245626007,ERSSTv5,5
1987-01-01,28.9248149221,27.1131548272,1.8116600949,ERSSTv5,5
1987-02-01,28.9541077032,27.7354473204,1.2186603827,ERSSTv5,5
1987-03-01,29.0162637881,28.2903442669,0.7259195212,ERSSTv5,5
1987-04-01,29.0780579424,28.4086693883,0.6693885541,ERSSTv5,5
1987-05-01,29.2784417191,28.3398028976,0.9386388216,ERSSTv5,5
1987-06-01,29.0944181680,27.9450418920,1.1493762760,ERSSTv5,5
1987-07-01,28.7106598797,27.5839424868,1.1267173929,ERSSTv5,5
1987-08-01,28.7328216434,27.2501832107,1.4826384327,ERSSTv5,5
1987-09-01,29.0100320675,27.2473998757,1.7626321918,ERSSTv5,5
1987-10-01,29.3077424801,26.8853360899,2.4224063902,ERSSTv5,5
1987-11-01,29.7172533441,26.7967623537,2.9204909904,ERSSTv5,5
1987-12-01,29.6473458669,26.8003034714,2.8470423955,ERSSTv5,5
1988-01-01,29.3953007586,26.8435859868,2.5517147718,ERSSTv5,5
1988-02-01,29.3535233259,26.7418788654,2.6116444605,ERSSTv5,5
1988-03-01,29.3674802062,27.2218604585,2.1456197478,ERSSTv5,5
1988-04-01,29.4963014697,27.0763268832,2.4199745865,ERSSTv5,5
1988-05-01,29.5145043404,26.1211631724,3.3933411680,ERSSTv5,5
1988-06-01,29.4698195451,25.1187429907,4.3510765544,ERSSTv5,5
1988-07-01,29.4654502650,24.5202943791,4.9451558859,ERSSTv5,5
1988-08-01,29.4270022730,24.4832737183,4.9437285548,ERSSTv5,5
1988-09-01,29.3323990952,24.5800398720,4.7523592232,ERSSTv5,5
1988-10-01,29.3218221556,23.9837686772,5.3380534784,ERSSTv5,5
1988-11-01,29.2602023181,23.9751566951,5.2850456230,ERSSTv5,5
1988-12-01,29.0374623347,24.1023233928,4.9351389419,ERSSTv5,5
1989-01-01,28.8350245418,24.4882290712,4.3467954706,ERSSTv5,5
1989-02-01,28.7807816635,25.4427237095,3.3380579540,ERSSTv5,5
1989-03-01,29.1061794610,26.1873793800,2.9188000810,ERSSTv5,5
1989-04-01,29.2544745973,26.7520952512,2.5023793461,ERSSTv5,5
1989-05-01,29.4549046052,26.6640725142,2.7908320910,ERSSTv5,5
1989-06-01,29.2153359528,26.5600036987,2.6553322541,ERSSTv5,5
1989-07-01,29.3385878865,25.8249045668,3.5136833197,ERSSTv5,5
1989-08-01,29.2568620802,25.3633704158,3.8934916643,ERSSTv5,5
1989-09-01,29.5139137844,25.3022044014,4.2117093830,ERSSTv5,5
1989-10-01,29.6348437708,25.2685070555,4.3663367153,ERSSTv5,5
1989-11-01,29.3268517908,25.2273731319,4.0994786589,ERSSTv5,5
1989-12-01,29.3730814219,25.5011394535,3.8719419684,ERSSTv5,5
1990-01-01,29.3291367314,25.8900903963,3.4390463351,ERSSTv5,5
1990-02-01,29.2224678583,26.7350691087,2.4873987496,ERSSTv5,5
1990-03-01,29.2500274876,27.1510525002,2.0989749874,ERSSTv5,5
1990-04-01,29.3548484826,27.6358464937,1.7190019889,ERSSTv5,5
1990-05-01,29.5584368910,27.6243539014,1.9340829897,ERSSTv5,5
1990-06-01,29.6887911091,26.9602676272,2.7285234819,ERSSTv5,5
1990-07-01,29.4637136286,26.3704147333,3.0932988953,ERSSTv5,5
1990-08-01,29.3125197327,25.9460982906,3.3664214421,ERSSTv5,5
1990-09-01,29.3728641980,25.7874070600,3.5854571381,ERSSTv5,5
1990-10-01,29.6480610704,25.6875670630,3.9604940074,ERSSTv5,5
1990-11-01,29.6878709758,25.7182537347,3.9696172411,ERSSTv5,5
1990-12-01,29.4167468111,25.9283778755,3.4883689356,ERSSTv5,5
1991-01-01,29.3942229609,26.3283581073,3.0658648536,ERSSTv5,5
1991-02-01,29.3590378460,26.7544988371,2.6045390090,ERSSTv5,5
1991-03-01,29.2678491120,27.2554566468,2.0123924652,ERSSTv5,5
1991-04-01,29.5972921937,27.7417671480,1.8555250457,ERSSTv5,5
1991-05-01,29.6553788925,27.7915189648,1.8638599276,ERSSTv5,5
1991-06-01,29.6816024191,27.6506200897,2.0309823294,ERSSTv5,5
1991-07-01,29.5465314212,27.1609038767,2.3856275445,ERSSTv5,5
1991-08-01,29.4406547240,26.3713042155,3.0693505085,ERSSTv5,5
1991-09-01,29.2331799747,26.0311828261,3.2019971486,ERSSTv5,5
1991-10-01,29.2939319393,26.4022262163,2.8917057231,ERSSTv5,5
1991-11-01,29.3495717304,26.7988535551,2.5507181753,ERSSTv5,5
1991-12-01,29.1766773354,27.2027069743,1.9739703611,ERSSTv5,5
1992-01-01,28.6114511048,27.5367185121,1.0747325927,ERSSTv5,5
1992-02-01,28.8491959854,28.0270707721,0.8221252133,ERSSTv5,5
1992-03-01,28.6206224191,28.4389141554,0.1817082638,ERSSTv5,5
1992-04-01,28.8480150281,28.8651191212,-0.0171040931,ERSSTv5,5
1992-05-01,29.0276640765,28.6407689072,0.3868951693,ERSSTv5,5
1992-06-01,29.1652976681,27.6030868112,1.5622108568,ERSSTv5,5
1992-07-01,29.0320830257,26.4367644958,2.5953185299,ERSSTv5,5
1992-08-01,29.1390072534,25.7747436779,3.3642635755,ERSSTv5,5
1992-09-01,29.3359196138,25.5476563295,3.7882632843,ERSSTv5,5
1992-10-01,29.4624615671,25.3395941522,4.1228674149,ERSSTv5,5
1992-11-01,29.2136031677,25.3817897146,3.8318134531,ERSSTv5,5
1992-12-01,29.2769083355,25.5975607862,3.6793475494,ERSSTv5,5
1993-01-01,28.8431343713,26.1033873350,2.7397470363,ERSSTv5,5
1993-02-01,28.6625877680,27.0006610958,1.6619266722,ERSSTv5,5
1993-03-01,28.7319714633,27.6664894192,1.0654820441,ERSSTv5,5
1993-04-01,28.8385486358,28.3703918336,0.4681568022,ERSSTv5,5
1993-05-01,28.7937993536,28.4324197952,0.3613795585,ERSSTv5,5
1993-06-01,28.8886694319,27.4748292021,1.4138402298,ERSSTv5,5
1993-07-01,28.8722109860,26.6392158392,2.2329951468,ERSSTv5,5
1993-08-01,28.6961574434,26.0108197341,2.6853377093,ERSSTv5,5
1993-09-01,28.9961455572,25.9499513579,3.0461941993,ERSSTv5,5
1993-10-01,28.8927569199,25.7855283449,3.1072285749,ERSSTv5,5
1993-11-01,29.4236010251,25.7810794946,3.6425215305,ERSSTv5,5
1993-12-01,29.4204678925,25.8933526171,3.5271152754,ERSSTv5,5
1994-01-01,29.2323775582,26.1889253161,3.0434522421,ERSSTv5,5
1994-02-01,29.2088372349,26.5463437956,2.6624934394,ERSSTv5,5
1994-03-01,29.4115470430,27.0969873139,2.3145597291,ERSSTv5,5
1994-04-01,29.5671628863,27.4990178678,2.0681450185,ERSSTv5,5
1994-05-01,29.6837763552,27.5360487711,2.1477275841,ERSSTv5,5
1994-06-01,29.6574558531,27.1004088588,2.5570469942,ERSSTv5,5
1994-07-01,29.4881719348,26.3126544865,3.1755174482,ERSSTv5,5
1994-08-01,29.3222734600,25.8883870996,3.4338863605,ERSSTv5,5
1994-09-01,29.1033134538,25.8167842760,3.2865291777,ERSSTv5,5
1994-10-01,29.3269671943,26.3544866185,2.9724805757,ERSSTv5,5
1994-11-01,29.4087062545,26.7628349381,2.6458713164,ERSSTv5,5
1994-12-01,29.2977960531,26.8521140464,2.4456820067,ERSSTv5,5
1995-01-01,29.2195490345,26.9620736867,2.2574753478,ERSSTv5,5
1995-02-01,29.4381383101,27.2097527632,2.2283855469,ERSSTv5,5
1995-03-01,29.4953914259,27.4898762169,2.0055152089,ERSSTv5,5
1995-04-01,29.6244676799,27.5469898909,2.0774777890,ERSSTv5,5
1995-05-01,29.8862821206,27.0801336014,2.8061485192,ERSSTv5,5
1995-06-01,29.7564616935,26.6867281421,3.0697335514,ERSSTv5,5
1995-07-01,29.7095897966,26.0459044030,3.6636853937,ERSSTv5,5
1995-08-01,29.7475499953,25.0710576741,4.6764923212,ERSSTv5,5
1995-09-01,29.6441486064,24.7605212120,4.8836273944,ERSSTv5,5
1995-10-01,29.8217890884,24.8149450444,5.0068440440,ERSSTv5,5
1995-11-01,29.8698011435,24.7392453907,5.1305557528,ERSSTv5,5
1995-12-01,29.9481266354,24.8501652768,5.0979613586,ERSSTv5,5
1996-01-01,29.7158954735,25.2302778100,4.4856176635,ERSSTv5,5
1996-02-01,29.6329360113,25.8719161694,3.7610198419,ERSSTv5,5
1996-03-01,29.4398806334,26.7790990483,2.6607815852,ERSSTv5,5
1996-04-01,29.3526488425,27.0025207244,2.3501281180,ERSSTv5,5
1996-05-01,29.4624844024,26.9126816808,2.5498027216,ERSSTv5,5
1996-06-01,29.4890918402,26.4084412173,3.0806506228,ERSSTv5,5
1996-07-01,29.5111031555,25.8398179887,3.6712851669,ERSSTv5,5
1996-08-01,29.5007763833,25.4448193832,4.0559570001,ERSSTv5,5
1996-09-01,29.6844603999,25.1407972006,4.5436631993,ERSSTv5,5
1996-10-01,29.8122418298,25.1435280315,4.6687137982,ERSSTv5,5
1996-11-01,29.8707705091,25.1916829558,4.6790875533,ERSSTv5,5
1996-12-01,29.9111385685,24.9410781790,4.9700603895,ERSSTv5,5
1997-01-01,29.5578643863,25.3604616896,4.1974026967,ERSSTv5,5
1997-02-01,29.4843007791,26.1072723474,3.3770284317,ERSSTv5,5
1997-03-01,29.3749740678,27.0549264265,2.3200476413,ERSSTv5,5
1997-04-01,29.4724363145,27.7762552119,1.6961811026,ERSSTv5,5
1997-05-01,29.4714716434,28.2377145371,1.2337571063,ERSSTv5,5
1997-06-01,29.1670442121,28.3943741583,0.7726700538,ERSSTv5,5
1997-07-01,29.0840339202,28.2954837429,0.7885501773,ERSSTv5,5
1997-08-01,28.6547831413,28.1254435042,0.5293396371,ERSSTv5,5
1997-09-01,28.6611233301,28.1872507655,0.4738725647,ERSSTv5,5
1997-10-01,28.9437598244,28.4348092943,0.5089505301,ERSSTv5,5
1997-11-01,29.2807645772,28.6081825329,0.6725820444,ERSSTv5,5
1997-12-01,29.3083412620,28.6323380970,0.6760031650,ERSSTv5,5
1998-01-01,28.9051681713,28.8131398303,0.0920283410,ERSSTv5,5
1998-02-01,28.8856122593,28.9024231944,-0.0168109351,ERSSTv5,5
1998-03-01,28.8677979826,28.9461138269,-0.0783158443,ERSSTv5,5
1998-04-01,29.2034074516,28.9759556905,0.2274517610,ERSSTv5,5
1998-05-01,29.3077212306,28.6208457026,0.6868755280,ERSSTv5,5
1998-06-01,29.2192110601,27.2450646211,1.9741464390,ERSSTv5,5
1998-07-01,29.2982759075,25.9179367188,3.3803391888,ERSSTv5,5
1998-08-01,29.2344467667,25.0326830005,4.2017637662,ERSSTv5,5
1998-09-01,29.3795018950,24.6785056108,4.7009962843,ERSSTv5,5
1998-10-01,29.3272450736,24.5948248018,4.7324202718,ERSSTv5,5
1998-11-01,29.4096774672,24.6941635783,4.7155138889,ERSSTv5,5
1998-12-01,29.3920858130,24.4890603961,4.9030254169,ERSSTv5,5
1999-01-01,29.0088809576,24.6680982421,4.3407827155,ERSSTv5,5
1999-02-01,28.7056538443,25.5416819367,3.1639719076,ERSSTv5,5
1999-03-01,28.8290431652,26.6083973868,2.2206457784,ERSSTv5,5
1999-04-01,29.0740350803,26.7228828144,2.3511522659,ERSSTv5,5
1999-05-01,29.3706805842,26.6232244145,2.7474561697,ERSSTv5,5
1999-06-01,29.3300225909,26.0863612595,3.2436613315,ERSSTv5,5
1999-07-01,29.2160700167,25.4911515845,3.7249184322,ERSSTv5,5
1999-08-01,29.1355633026,24.8675777508,4.2679855519,ERSSTv5,5
1999-09-01,29.3851233599,24.5522169675,4.8329063924,ERSSTv5,5
1999-10-01,29.3842528709,24.4081094498,4.9761434212,ERSSTv5,5
1999-11-01,29.3079422984,24.2629033391,5.0450389594,ERSSTv5,5
1999-12-01,29.3145212320,24.2280675934,5.0864536386,ERSSTv5,5
2000-01-01,29.2343931477,24.4348651507,4.7995279970,ERSSTv5,5
2000-02-01,29.1809406557,25.3469255534,3.8340151022,ERSSTv5,5
2000-03-01,28.9564803449,26.5635055854,2.3929747594,ERSSTv5,5
2000-04-01,29.0374317583,27.2527360356,1.7846957227,ERSSTv5,5
2000-05-01,29.1183792273,26.9723156255,2.1460636018,ERSSTv5,5
2000-06-01,29.2466634081,26.4228043367,2.8238590714,ERSSTv5,5
2000-07-01,29.0956089804,25.7893808887,3.3062280917,ERSSTv5,5
2000-08-01,29.2404469861,25.3254890439,3.9149579422,ERSSTv5,5
2000-09-01,29.5509029778,25.2532868708,4.2976161070,ERSSTv5,5
2000-10-01,29.7347264482,25.1265704237,4.6081560245,ERSSTv5,5
2000-11-01,29.8702472101,25.0095116678,4.8607355423,ERSSTv5,5
2000-12-01,29.5994548531,25.0403427628,4.5591120904,ERSSTv5,5
2001-01-01,29.5265681999,25.5216548511,4.0049133489,ERSSTv5,5
2001-02-01,29.2948569719,26.1847719348,3.1100850371,ERSSTv5,5
2001-03-01,29.5037348110,27.0887960908,2.4149387202,ERSSTv5,5
2001-04-01,29.6043318510,27.4467817215,2.1575501296,ERSSTv5,5
2001-05-01,29.6722767878,27.3236383228,2.3486384650,ERSSTv5,5
2001-06-01,29.7471621448,26.8134654507,2.9336966941,ERSSTv5,5
2001-07-01,29.4932862151,26.2577422880,3.2355439271,ERSSTv5,5
2001-08-01,29.3375321250,25.6803539819,3.6571781431,ERSSTv5,5
2001-09-01,29.6263210596,25.2483745985,4.3779464612,ERSSTv5,5
2001-10-01,29.8010843986,25.3875003651,4.4135840336,ERSSTv5,5
2001-11-01,29.9045935690,25.2268504299,4.6777431391,ERSSTv5,5
2001-12-01,29.7387715770,25.3156371146,4.4231344624,ERSSTv5,5
2002-01-01,29.4879628031,25.7788394837,3.7091233194,ERSSTv5,5
2002-02-01,29.3972971473,26.5298292392,2.8674679081,ERSSTv5,5
2002-03-01,29.3663685517,27.4253633893,1.9410051623,ERSSTv5,5
2002-04-01,29.8549609287,27.7702444863,2.0847164424,ERSSTv5,5
2002-05-01,30.1754689752,27.8372250016,2.3382439736,ERSSTv5,5
2002-06-01,29.9288584786,27.6819035556,2.2469549230,ERSSTv5,5
2002-07-01,29.5608575273,26.9103228324,2.6505346949,ERSSTv5,5
2002-08-01,29.3633045026,26.4750039990,2.8883005036,ERSSTv5,5
2002-09-01,29.3556378634,26.6104916071,2.7451462563,ERSSTv5,5
2002-10-01,29.4742223551,26.8026197304,2.6716026247,ERSSTv5,5
2002-11-01,29.8174589707,27.1293663105,2.6880926601,ERSSTv5,5
2002-12-01,29.6089241519,27.0869528731,2.5219712788,ERSSTv5,5
2003-01-01,29.5066544143,26.6907444598,2.8159099545,ERSSTv5,5
2003-02-01,29.4764425307,27.1562133686,2.3202291622,ERSSTv5,5
2003-03-01,29.6715657251,27.5817913297,2.0897743954,ERSSTv5,5
2003-04-01,29.8096311665,27.4099475443,2.3996836222,ERSSTv5,5
2003-05-01,30.0082611287,26.7513715935,3.2568895352,ERSSTv5,5
2003-06-01,29.9445799656,26.6128615921,3.3317183736,ERSSTv5,5
2003-07-01,29.7757697925,26.5126583755,3.2631114169,ERSSTv5,5
2003-08-01,29.6260368108,26.0329170743,3.5931197366,ERSSTv5,5
2003-09-01,29.5483638841,25.7880240588,3.7603398252,ERSSTv5,5
2003-10-01,29.9964226986,26.0911119553,3.9053107433,ERSSTv5,5
2003-11-01,30.1903805353,26.2653623634,3.9250181719,ERSSTv5,5
2003-12-01,30.1894456277,26.4189783780,3.7704672497,ERSSTv5,5
2004-01-01,29.8531879507,26.4466468921,3.4065410587,ERSSTv5,5
2004-02-01,29.8506812572,26.8787607547,2.9719205025,ERSSTv5,5
2004-03-01,29.7918482151,27.3691213830,2.4227268321,ERSSTv5,5
2004-04-01,29.7111599985,27.6545839437,2.0565760547,ERSSTv5,5
2004-05-01,29.7808938680,27.2152664159,2.5656274521,ERSSTv5,5
2004-06-01,29.6089368541,26.8881395033,2.7207973508,ERSSTv5,5
2004-07-01,29.4610462898,26.5212637096,2.9397825801,ERSSTv5,5
2004-08-01,29.2922605702,26.1927555418,3.0995050283,ERSSTv5,5
2004-09-01,29.5277282324,26.1958821813,3.3318460510,ERSSTv5,5
2004-10-01,29.7593296833,26.2966832784,3.4626464048,ERSSTv5,5
2004-11-01,30.0301235755,26.4211370097,3.6089865658,ERSSTv5,5
2004-12-01,30.0259388155,26.5416985678,3.4842402477,ERSSTv5,5
2005-01-01,29.8080039756,26.5426792521,3.2653247235,ERSSTv5,5
2005-02-01,29.5393081089,26.7123848220,2.8269232870,ERSSTv5,5
2005-03-01,29.7098763365,27.4147232034,2.2951531331,ERSSTv5,5
2005-04-01,29.6479122641,27.7639841293,1.8839281348,ERSSTv5,5
2005-05-01,29.7036744595,27.7482266812,1.9554477783,ERSSTv5,5
2005-06-01,29.6581277505,27.1341016939,2.5240260566,ERSSTv5,5
2005-07-01,29.6745856550,26.3739569453,3.3006287097,ERSSTv5,5
2005-08-01,29.6432378352,25.8784116575,3.7648261777,ERSSTv5,5
2005-09-01,29.6250122252,25.5365727373,4.0884394879,ERSSTv5,5
2005-10-01,29.9629057262,25.4132100725,4.5496956537,ERSSTv5,5
2005-11-01,29.9860717324,24.8371816650,5.1488900674,ERSSTv5,5
2005-12-01,29.9815874650,24.7544609863,5.2271264787,ERSSTv5,5
2006-01-01,29.7789438578,25.2696580364,4.5092858215,ERSSTv5,5
2006-02-01,29.1950113291,26.1912814262,3.0037299030,ERSSTv5,5
2006-03-01,29.3896188821,26.7390764212,2.6505424610,ERSSTv5,5
2006-04-01,29.5764649076,27.3176844311,2.2587804765,ERSSTv5,5
2006-05-01,29.8770310341,27.4566460999,2.4203849342,ERSSTv5,5
2006-06-01,29.9785741518,27.0756681937,2.9029059581,ERSSTv5,5
2006-07-01,29.6033581238,26.4486249808,3.1547331430,ERSSTv5,5
2006-08-01,29.4034696218,26.2060789711,3.1973906507,ERSSTv5,5
2006-09-01,29.7331365789,26.4356468742,3.2974897046,ERSSTv5,5
2006-10-01,29.5097208306,26.5584030455,2.9513177852,ERSSTv5,5
2006-11-01,29.7653987360,26.8081799227,2.9572188133,ERSSTv5,5
2006-12-01,29.8706552793,26.9700749723,2.9005803070,ERSSTv5,5
2007-01-01,29.8699165939,26.9075464892,2.9623701047,ERSSTv5,5
2007-02-01,29.5814414182,26.7785618198,2.8028795984,ERSSTv5,5
2007-03-01,29.7001263009,27.0340777296,2.6660485714,ERSSTv5,5
2007-04-01,29.7889428608,27.2110114300,2.5779314308,ERSSTv5,5
2007-05-01,29.9766039542,26.8110041817,3.1655997725,ERSSTv5,5
2007-06-01,29.9718080161,26.4623509427,3.5094570734,ERSSTv5,5
2007-07-01,29.6891288964,25.6034962498,4.0856326466,ERSSTv5,5
2007-08-01,29.6667091335,24.8548927334,4.8118164000,ERSSTv5,5
2007-09-01,29.7944960085,24.4824654044,5.3120306041,ERSSTv5,5
2007-10-01,29.8242600911,24.3285219318,5.4957381593,ERSSTv5,5
2007-11-01,29.6835946578,24.2191432790,5.4644513788,ERSSTv5,5
2007-12-01,29.5299391480,24.2507243936,5.2792147544,ERSSTv5,5
2008-01-01,29.0463178545,24.5965403554,4.4497774991,ERSSTv5,5
2008-02-01,28.9527604301,25.3045536757,3.6482067544,ERSSTv5,5
2008-03-01,28.9807932070,26.4234180611,2.5573751459,ERSSTv5,5
2008-04-01,29.0580614617,27.0716724992,1.9863889625,ERSSTv5,5
2008-05-01,29.2093445282,27.0480396752,2.1613048530,ERSSTv5,5
2008-06-01,29.1419769001,26.6778970673,2.4640798328,ERSSTv5,5
2008-07-01,29.2187011145,26.4390645409,2.7796365736,ERSSTv5,5
2008-08-01,29.3048612736,26.0926262198,3.2122350538,ERSSTv5,5
2008-09-01,29.4423721274,25.7451896652,3.6971824622,ERSSTv5,5
2008-10-01,29.5799152525,25.6385343634,3.9413808891,ERSSTv5,5
2008-11-01,29.6749067731,25.5035875145,4.1713192585,ERSSTv5,5
2008-12-01,29.7778581457,25.1267282811,4.6511298647,ERSSTv5,5
2009-01-01,29.6255122004,25.4414015980,4.1841106024,ERSSTv5,5
2009-02-01,29.2940488874,25.9588127154,3.3352361720,ERSSTv5,5
2009-03-01,29.4177792682,26.5944454923,2.8233337760,ERSSTv5,5
2009-04-01,29.5840354309,27.5019924044,2.0820430265,ERSSTv5,5
2009-05-01,29.9089850235,27.7281062281,2.1808787954,ERSSTv5,5
2009-06-01,29.9031411063,27.5208827584,2.3822583479,ERSSTv5,5
2009-07-01,29.7139796058,27.0154739326,2.6985056732,ERSSTv5,5
2009-08-01,29.7811442855,26.5388494659,3.2422948197,ERSSTv5,5
2009-09-01,29.7931317911,26.3826988933,3.4104328978,ERSSTv5,5
2009-10-01,29.7971285464,26.5453829010,3.2517456454,ERSSTv5,5
2009-11-01,29.9211438110,26.9689777715,2.9521660396,ERSSTv5,5
2009-12-01,29.6666293732,27.2711977857,2.3954315875,ERSSTv5,5
2010-01-01,29.4524438194,27.3141547492,2.1382890702,ERSSTv5,5
2010-02-01,29.2026887363,27.6447290346,1.5579597017,ERSSTv5,5
2010-03-01,29.4374509322,27.9904242617,1.4470266705,ERSSTv5,5
2010-04-01,29.8060046024,28.0500024651,1.7560021372,ERSSTv5,5
2010-05-01,30.0462171237,27.4066165580,2.6396005657,ERSSTv5,5
2010-06-01,30.0556754547,26.4176286906,3.6380467641,ERSSTv5,5
2010-07-01,29.7026212278,25.3944791781,4.3081420497,ERSSTv5,5
2010-08-01,29.3668156599,24.5763342861,4.7904813738,ERSSTv5,5
2010-09-01,29.3783933355,24.2459269845,5.1324663510,ERSSTv5,5
2010-10-01,29.4326407917,24.1502247888,5.2824160029,ERSSTv5,5
2010-11-01,29.4456733443,24.2282622208,5.2174111235,ERSSTv5,5
2010-12-01,29.4853192694,24.3047574374,5.1805618320,ERSSTv5,5
2011-01-01,29.3608023317,24.7516117217,4.6091906100,ERSSTv5,5
2011-02-01,29.3101537864,25.7847887780,3.5253650085,ERSSTv5,5
2011-03-01,29.4237202557,26.5640855296,2.8596347261,ERSSTv5,5
2011-04-01,29.6850853636,27.2476195715,2.4374657922,ERSSTv5,5
2011-05-01,29.7351562956,27.1715240068,2.5636322887,ERSSTv5,5
2011-06-01,29.7376829189,26.8551352438,2.8825476751,ERSSTv5,5
2011-07-01,29.4330212173,26.1467657417,3.2862554756,ERSSTv5,5
2011-08-01,29.3046400866,25.3752991669,3.9293409197,ERSSTv5,5
2011-09-01,29.3614071177,25.0091634079,4.3522437098,ERSSTv5,5
2011-10-01,29.5095812679,24.6721616546,4.8374196133,ERSSTv5,5
2011-11-01,29.6159333372,24.6723808492,4.9435524880,ERSSTv5,5
2011-12-01,29.5187176339,24.8860369794,4.6326806545,ERSSTv5,5
2012-01-01,29.2682798093,25.4304306080,3.8378492014,ERSSTv5,5
2012-02-01,29.0246779119,26.2756341017,2.7490438102,ERSSTv5,5
2012-03-01,29.1534580816,26.9634901645,2.1899679171,ERSSTv5,5
2012-04-01,29.3843673863,27.5325316272,1.8518357591,ERSSTv5,5
2012-05-01,29.7557830441,27.4713267977,2.2844562464,ERSSTv5,5
2012-06-01,29.5997470039,27.3273779928,2.2723690111,ERSSTv5,5
2012-07-01,29.4963411556,26.8133824806,2.6829586751,ERSSTv5,5
2012-08-01,29.5344471975,26.2775151399,3.2569320576,ERSSTv5,5
2012-09-01,29.7332535498,25.9771493216,3.7561042281,ERSSTv5,5
2012-10-01,29.8525348527,25.7803615208,4.0721733319,ERSSTv5,5
2012-11-01,29.9013474239,25.8066389937,4.0947084302,ERSSTv5,5
2012-12-01,29.8438812978,25.4629949626,4.3808863352,ERSSTv5,5
2013-01-01,29.6109128715,25.5043615217,4.1065513497,ERSSTv5,5
2013-02-01,29.4208790556,26.1248036945,3.2960753612,ERSSTv5,5
2013-03-01,29.3011908595,27.1012739489,2.1999169106,ERSSTv5,5
2013-04-01,29.5454623428,27.3822165128,2.1632458300,ERSSTv5,5
2013-05-01,29.7178494527,26.8674007078,2.8504487450,ERSSTv5,5
2013-06-01,29.8230452927,26.3273337054,3.4957115873,ERSSTv5,5
2013-07-01,29.6459223351,25.8035113442,3.8424109910,ERSSTv5,5
2013-08-01,29.6472007404,25.2618380898,4.3853626506,ERSSTv5,5
2013-09-01,29.7262781754,25.3509383628,4.3753398127,ERSSTv5,5
2013-10-01,29.8016144176,25.4785738973,4.3230405203,ERSSTv5,5
2013-11-01,29.9616427720,25.5915989484,4.3700438236,ERSSTv5,5
2013-12-01,30.1020670908,25.6771028450,4.4249642458,ERSSTv5,5
2014-01-01,29.7435450437,25.6624978621,4.0810471815,ERSSTv5,5
2014-02-01,29.6251052864,25.9748794555,3.6502258309,ERSSTv5,5
2014-03-01,29.6148614681,27.0548410146,2.5600204535,ERSSTv5,5
2014-04-01,29.6796234571,27.7867457861,1.8928776710,ERSSTv5,5
2014-05-01,30.0285826821,27.9256814530,2.1029012291,ERSSTv5,5
2014-06-01,30.1186561969,27.5165599581,2.6020962387,ERSSTv5,5
2014-07-01,29.8035633863,26.6173840369,3.1861793494,ERSSTv5,5
2014-08-01,29.7834826297,25.9951058739,3.7883767558,ERSSTv5,5
2014-09-01,29.9797800327,26.0044905462,3.9752894865,ERSSTv5,5
2014-10-01,30.0352558727,26.2255411069,3.8097147658,ERSSTv5,5
2014-11-01,30.1598169350,26.5195439869,3.6402729481,ERSSTv5,5
2014-12-01,30.1949080093,26.5094275514,3.6854804579,ERSSTv5,5
2015-01-01,30.0245173193,26.5139559093,3.5105614100,ERSSTv5,5
2015-02-01,29.7823662940,26.8555395729,2.9268267211,ERSSTv5,5
2015-03-01,29.6301325088,27.5804503050,2.0496822038,ERSSTv5,5
2015-04-01,29.8833048756,28.4106822435,1.4726226322,ERSSTv5,5
2015-05-01,29.9400890935,28.5201815543,1.4199075393,ERSSTv5,5
2015-06-01,29.7485724893,28.4447251320,1.3038473574,ERSSTv5,5
2015-07-01,29.3945091141,28.1191795779,1.2753295362,ERSSTv5,5
2015-08-01,29.1342744968,27.8184132260,1.3158612708,ERSSTv5,5
2015-09-01,29.2455091441,27.9964822775,1.2490268666,ERSSTv5,5
2015-10-01,29.2609219619,28.1806037887,1.0803181731,ERSSTv5,5
2015-11-01,29.7011951272,28.5150553457,1.1861397814,ERSSTv5,5
2015-12-01,29.6836155027,28.5236398731,1.1599756296,ERSSTv5,5
2016-01-01,29.4189078798,28.5939556830,0.8249521968,ERSSTv5,5
2016-02-01,29.3464789874,28.6453182804,0.7011607071,ERSSTv5,5
2016-03-01,29.6751866272,28.8557787762,0.8194078510,ERSSTv5,5
2016-04-01,29.7269943608,28.4452467482,1.2817476127,ERSSTv5,5
2016-05-01,29.9101868020,27.6979529511,2.2122338510,ERSSTv5,5
2016-06-01,30.0556798598,27.0303056094,3.0253742504,ERSSTv5,5
2016-07-01,29.9251217497,25.8937044514,4.0314172982,ERSSTv5,5
2016-08-01,29.9489691680,25.2979495976,4.6510195704,ERSSTv5,5
2016-09-01,30.0899101206,25.2740472677,4.8158628529,ERSSTv5,5
2016-10-01,30.1548563373,25.0781891064,5.0766672309,ERSSTv5,5
2016-11-01,30.1271801039,25.1159808548,5.0111992490,ERSSTv5,5
2016-12-01,30.0495666372,25.3356536236,4.7139130136,ERSSTv5,5
2017-01-01,30.0244181897,25.8948212115,4.1295969782,ERSSTv5,5
2017-02-01,29.8117066087,26.8507821448,2.9609244639,ERSSTv5,5
2017-03-01,29.8115058579,27.5488583007,2.2626475572,ERSSTv5,5
2017-04-01,29.9057831451,28.0804422641,1.8253408810,ERSSTv5,5
2017-05-01,30.0061782113,27.8297222610,2.1764559503,ERSSTv5,5
2017-06-01,30.0404968024,27.2314290242,2.8090677782,ERSSTv5,5
2017-07-01,29.9163891008,26.5319893038,3.3843997970,ERSSTv5,5
2017-08-01,29.9566182070,25.6321515409,4.3244666662,ERSSTv5,5
2017-09-01,29.9539905273,25.0811536884,4.8728368389,ERSSTv5,5
2017-10-01,30.0436914032,25.0952576954,4.9484337077,ERSSTv5,5
2017-11-01,30.1234238439,24.7697415097,5.3536823342,ERSSTv5,5
2017-12-01,30.0179203285,24.6920868993,5.3258334292,ERSSTv5,5
2018-01-01,29.8227813041,25.0020594194,4.8207218847,ERSSTv5,5
2018-02-01,29.5163572036,25.8179774090,3.6983797946,ERSSTv5,5
2018-03-01,29.6052176693,26.4925628077,3.1126548616,ERSSTv5,5
2018-04-01,29.8128068636,27.1731870054,2.6396198582,ERSSTv5,5
2018-05-01,30.0420474541,27.2858975008,2.7561499532,ERSSTv5,5
2018-06-01,30.0965822173,27.0950618451,3.0015203722,ERSSTv5,5
2018-07-01,29.8595568857,26.5312623775,3.3282945083,ERSSTv5,5
2018-08-01,29.8919433815,25.8659472533,4.0259961282,ERSSTv5,5
2018-09-01,29.9585070333,26.0592114795,3.8992955538,ERSSTv5,5
2018-10-01,30.2845972368,26.5171789615,3.7674182752,ERSSTv5,5
2018-11-01,30.2827019830,26.6858653525,3.5968366305,ERSSTv5,5
2018-12-01,30.1334762971,26.7486144279,3.3848618692,ERSSTv5,5
2019-01-01,29.6629738186,26.7463381580,2.9166356605,ERSSTv5,5
2019-02-01,29.3170920474,27.3198574943,1.9972345531,ERSSTv5,5
2019-03-01,29.3909617634,28.0151168050,1.3758449584,ERSSTv5,5
2019-04-01,29.5845934108,28.2933950604,1.2911983504,ERSSTv5,5
2019-05-01,30.0029562779,28.0853799524,1.9175763256,ERSSTv5,5
2019-06-01,30.0417249310,27.3985978440,2.6431270870,ERSSTv5,5
2019-07-01,30.1072860517,26.5223101331,3.5849759186,ERSSTv5,5
2019-08-01,29.9269922119,25.7022849802,4.2247072318,ERSSTv5,5
2019-09-01,29.8794555637,25.5356964238,4.3437591399,ERSSTv5,5
2019-10-01,30.1928537447,25.9585909856,4.2342627592,ERSSTv5,5
2019-11-01,30.0882647211,26.1658811595,3.9223835616,ERSSTv5,5
2019-12-01,30.1280791702,26.1873769093,3.9407022609,ERSSTv5,5
2020-01-01,29.9260254477,26.4635558137,3.4624696340,ERSSTv5,5
2020-02-01,29.8568612150,26.8773475481,2.9795136669,ERSSTv5,5
2020-03-01,29.9949834939,27.6247466743,2.3702368196,ERSSTv5,5
2020-04-01,30.0337583681,28.0177492504,2.0160091178,ERSSTv5,5
2020-05-01,30.1238907237,27.2658001480,2.8580905756,ERSSTv5,5
2020-06-01,30.1959734390,26.5571507147,3.6388227243,ERSSTv5,5
2020-07-01,30.1795149786,25.9470368288,4.2324781498,ERSSTv5,5
2020-08-01,30.0208857944,25.2297159638,4.7911698306,ERSSTv5,5
2020-09-01,29.9450715078,24.7184784741,5.2265930337,ERSSTv5,5
2020-10-01,29.9372373919,24.5964124380,5.3408249539,ERSSTv5,5
2020-11-01,29.8397185293,24.5549966936,5.2847218357,ERSSTv5,5
2020-12-01,29.7318679270,24.8741886242,4.8576793027,ERSSTv5,5
2021-01-01,29.4998684211,25.3261194597,4.1737489614,ERSSTv5,5
2021-02-01,29.3108479214,25.8051976721,3.5056502493,ERSSTv5,5
2021-03-01,29.4380555992,26.5926239887,2.8454316105,ERSSTv5,5
2021-04-01,29.6989633454,26.9820772323,2.7168861131,ERSSTv5,5
2021-05-01,29.8679921602,27.0275619056,2.8404302547,ERSSTv5,5
2021-06-01,29.7759933450,26.7783046578,2.9976886872,ERSSTv5,5
2021-07-01,29.7582480594,26.0975307233,3.6607173362,ERSSTv5,5
2021-08-01,29.8473178602,25.3827693706,4.4645484896,ERSSTv5,5
2021-09-01,29.8359425029,25.1760871383,4.6598553646,ERSSTv5,5
2021-10-01,29.9658838872,24.9071490429,5.0587348443,ERSSTv5,5
2021-11-01,29.9809172874,24.8349019391,5.1460153483,ERSSTv5,5
2021-12-01,29.8129112292,24.6269966263,5.1859146030,ERSSTv5,5
2022-01-01,29.6886522344,24.9434407654,4.7452114690,ERSSTv5,5
2022-02-01,29.4709952384,25.6075980915,3.8633971469,ERSSTv5,5
2022-03-01,29.5488244813,26.4980153707,3.0508091106,ERSSTv5,5
2022-04-01,29.4865449978,26.7401412873,2.7464037106,ERSSTv5,5
2022-05-01,29.7745426832,26.4869105934,3.2876320898,ERSSTv5,5
2022-06-01,29.8105786672,26.2655301828,3.5450484844,ERSSTv5,5
2022-07-01,29.5677256381,25.7779384607,3.7897871775,ERSSTv5,5
2022-08-01,29.4401613642,25.0712606746,4.3689006895,ERSSTv5,5
2022-09-01,29.5712222727,24.6664368028,4.9047854699,ERSSTv5,5
2022-10-01,29.7205728622,24.6099714805,5.1106013817,ERSSTv5,5
2022-11-01,29.9519075375,24.8346408056,5.1172667319,ERSSTv5,5
2022-12-01,29.8524644085,24.9855942509,4.8668701575,ERSSTv5,5
2023-01-01,29.6022168147,25.4675473819,4.1346694328,ERSSTv5,5
2023-02-01,29.4184519960,26.4079547071,3.0104972889,ERSSTv5,5
2023-03-01,29.7341156063,27.4644626747,2.2696529316,ERSSTv5,5
2023-04-01,30.0935637367,28.0841120107,2.0094517260,ERSSTv5,5
2023-05-01,30.2609052421,28.2460303027,2.0148749394,ERSSTv5,5
2023-06-01,30.2289176040,28.1728974403,2.0560201636,ERSSTv5,5
2023-07-01,30.0855660306,27.8190581954,2.2665078353,ERSSTv5,5
2023-08-01,29.9195872633,27.6231404047,2.2964468585,ERSSTv5,5
2023-09-01,29.9898013368,27.5741644282,2.4156369086,ERSSTv5,5
2023-10-01,29.9637005700,27.7135355030,2.2501650670,ERSSTv5,5
2023-11-01,29.9956009834,27.8943751802,2.1012258032,ERSSTv5,5
2023-12-01,30.0469399987,27.8690189567,2.1779210420,ERSSTv5,5
2024-01-01,30.2803249841,27.9257092703,2.3546157138,ERSSTv5,5
2024-02-01,29.9098815983,28.1514697870,1.7584118113,ERSSTv5,5
2024-03-01,30.0570388445,28.2415864876,1.8154523569,ERSSTv5,5
2024-04-01,30.3477426873,28.3154296842,2.0323130032,ERSSTv5,5
2024-05-01,30.5668548743,27.5402888208,3.0265660534,ERSSTv5,5
2024-06-01,30.4492858361,27.0033818108,3.4459040252,ERSSTv5,5
2024-07-01,30.2568309735,26.3597344734,3.8970965002,ERSSTv5,5
2024-08-01,30.1690098020,25.6463131043,4.5226966977,ERSSTv5,5
2024-09-01,30.1520754612,25.4358980573,4.7161774039,ERSSTv5,5
2024-10-01,30.2675725234,25.5243684004,4.7432041231,ERSSTv5,5
2024-11-01,30.3356707160,25.6011085677,4.7345621483,ERSSTv5,5
2024-12-01,30.1954617099,25.3880529510,4.8074087590,ERSSTv5,5
2025-01-01,30.1264315750,25.6528385304,4.4735930446,ERSSTv5,5
2025-02-01,29.8691988460,26.5016691948,3.3675296512,ERSSTv5,5
2025-03-01,29.7340685868,27.5962400816,2.1378285052,ERSSTv5,5
2025-04-01,29.9350642714,27.7212393112,2.2138249601,ERSSTv5,5
2025-05-01,30.1403162949,27.4640076737,2.6763086212,ERSSTv5,5
2025-06-01,30.2199248369,27.0507265731,3.1691982639,ERSSTv5,5
2025-07-01,30.1158209663,26.3896000065,3.7262209598,ERSSTv5,5
2025-08-01,30.0714015660,25.5850693421,4.4863322239,ERSSTv5,5
2025-09-01,30.0633872525,25.1915549013,4.8718323511,ERSSTv5,5
2025-10-01,30.0330814475,25.2907952362,4.7422862113,ERSSTv5,5
2025-11-01,30.1082049585,25.1219071147,4.9862978438,ERSSTv5,5
2025-12-01,30.1616116275,25.0648254710,5.0967861565,ERSSTv5,5
1950-01-01,29.0003784025,24.7497713533,4.2506070491,COBE-SST2,3
1950-02-01,29.0774257740,25.2898430641,3.7875827099,COBE-SST2,3
1950-03-01,29.1916954275,26.2139621062,2.9777333212,COBE-SST2,3
1950-04-01,29.0801596999,26.3246666617,2.7554930382,COBE-SST2,3
1950-05-01,29.1771179107,26.3155118494,2.8616060613,COBE-SST2,3
1950-06-01,29.1453642324,25.9560292781,3.1893349543,COBE-SST2,3
1950-07-01,29.2577023377,25.0135257311,4.2441766065,COBE-SST2,3
1950-08-01,29.1373835359,24.8618215458,4.2755619901,COBE-SST2,3
1950-09-01,29.1190297405,24.1914946049,4.9275351356,COBE-SST2,3
1950-10-01,29.2308640555,24.1444047349,5.0864593206,COBE-SST2,3
1950-11-01,29.1914077722,24.1758467189,5.0155610533,COBE-SST2,3
1950-12-01,29.4168974004,24.3333703596,5.0835270408,COBE-SST2,3
1951-01-01,29.1001900932,24.6545050746,4.4456850187,COBE-SST2,3
1951-02-01,28.9405628559,25.5717082363,3.3688546197,COBE-SST2,3
1951-03-01,28.9724258701,26.3088075705,2.6636182996,COBE-SST2,3
1951-04-01,28.8636386085,27.0513426319,1.8122959765,COBE-SST2,3
1951-05-01,29.2796493792,27.2846882712,1.9949611081,COBE-SST2,3
1951-06-01,29.2848210537,27.0545015952,2.2303194585,COBE-SST2,3
1951-07-01,29.0939283757,26.8385091147,2.2554192610,COBE-SST2,3
1951-08-01,29.1030578924,26.3973402178,2.7057176746,COBE-SST2,3
1951-09-01,29.1687826365,26.2469855690,2.9217970675,COBE-SST2,3
1951-10-01,29.2460779766,26.8023100865,2.4437678901,COBE-SST2,3
1951-11-01,29.5283565786,26.7838462525,2.7445103261,COBE-SST2,3
1951-12-01,29.3195062124,26.2110404842,3.1084657282,COBE-SST2,3
1952-01-01,29.0337019240,26.0839109114,2.9497910126,COBE-SST2,3
1952-02-01,28.9212571426,26.4154017300,2.5058554127,COBE-SST2,3
1952-03-01,29.0176369936,26.7719844542,2.2456525394,COBE-SST2,3
1952-04-01,29.0516129442,27.1849239967,1.8666889476,COBE-SST2,3
1952-05-01,29.2990334782,26.5700037146,2.7290297637,COBE-SST2,3
1952-06-01,29.1806015786,25.5940112921,3.5865902865,COBE-SST2,3
1952-07-01,28.9071550183,24.9544842273,3.9526707910,COBE-SST2,3
1952-08-01,28.7259311485,24.4441249633,4.2818061852,COBE-SST2,3
1952-09-01,29.0885624305,24.4851805486,4.6033818819,COBE-SST2,3
1952-10-01,29.1380693750,24.3884074053,4.7496619697,COBE-SST2,3
1952-11-01,29.2752933998,24.7817559504,4.4935374494,COBE-SST2,3
1952-12-01,29.3092031389,24.9473878848,4.3618152542,COBE-SST2,3
1953-01-01,28.9433801535,25.8799856189,3.0633945346,COBE-SST2,3
1953-02-01,28.8416095284,26.6377924441,2.2038170842,COBE-SST2,3
1953-03-01,28.8005878530,27.3022200222,1.4983678308,COBE-SST2,3
1953-04-01,28.8556837040,27.7226567556,1.1330269484,COBE-SST2,3
1953-05-01,29.0461741447,27.5649001387,1.4812740061,COBE-SST2,3
1953-06-01,29.0556971883,27.1126179036,1.9430792847,COBE-SST2,3
1953-07-01,28.9854536529,26.2128318816,2.7726217713,COBE-SST2,3
1953-08-01,28.8986551897,25.7166098017,3.1820453880,COBE-SST2,3
1953-09-01,29.0566344235,25.9608490292,3.0957853942,COBE-SST2,3
1953-10-01,29.1379924394,25.7568735318,3.3811189077,COBE-SST2,3
1953-11-01,29.1436381893,25.5359860118,3.6076521775,COBE-SST2,3
1953-12-01,28.9941542273,25.2408080514,3.7533461758,COBE-SST2,3
1954-01-01,28.8695058647,25.0802102985,3.7892955662,COBE-SST2,3
1954-02-01,28.6789970636,25.9284539142,2.7505431494,COBE-SST2,3
1954-03-01,28.6694833593,26.4156341870,2.2538491722,COBE-SST2,3
1954-04-01,28.9967509261,26.3088302416,2.6879206845,COBE-SST2,3
1954-05-01,29.1644811843,25.7751770357,3.3893041486,COBE-SST2,3
1954-06-01,29.0738317879,25.2460215015,3.8278102864,COBE-SST2,3
1954-07-01,28.8887336457,24.4862806834,4.4024529622,COBE-SST2,3
1954-08-01,28.8842193711,24.2533078339,4.6309115372,COBE-SST2,3
1954-09-01,28.8272959870,24.0559284842,4.7713675028,COBE-SST2,3
1954-10-01,28.9248670219,23.8116520315,5.1132149904,COBE-SST2,3
1954-11-01,28.8970991323,24.1679926920,4.7291064403,COBE-SST2,3
1954-12-01,28.7706692389,24.0147315484,4.7559376905,COBE-SST2,3
1955-01-01,28.7676453218,24.5893110956,4.1783342262,COBE-SST2,3
1955-02-01,28.4367843795,25.3346256429,3.1021587366,COBE-SST2,3
1955-03-01,28.5101150764,26.0994824291,2.4106326473,COBE-SST2,3
1955-04-01,28.3362064871,26.4340532220,1.9021532651,COBE-SST2,3
1955-05-01,28.7122980865,25.8341800635,2.8781180230,COBE-SST2,3
1955-06-01,28.9275617775,24.9388564146,3.9887053628,COBE-SST2,3
1955-07-01,29.0761474245,24.5290874511,4.5470599734,COBE-SST2,3
1955-08-01,29.0385940898,24.1529797587,4.8856143311,COBE-SST2,3
1955-09-01,29.2992174799,23.8571449817,5.4420724982,COBE-SST2,3
1955-10-01,29.2722805335,23.6448963958,5.6273841377,COBE-SST2,3
1955-11-01,29.5516605642,23.6246486475,5.9270119167,COBE-SST2,3
1955-12-01,29.2876346031,23.5388572208,5.7487773823,COBE-SST2,3
1956-01-01,28.9721331775,24.3475202839,4.6246128936,COBE-SST2,3
1956-02-01,28.8373526648,25.2780352537,3.5593174111,COBE-SST2,3
1956-03-01,28.7808301179,26.4173784183,2.3634516996,COBE-SST2,3
1956-04-01,28.8436521873,26.8113419373,2.0323102499,COBE-SST2,3
1956-05-01,29.0760977543,25.9737652248,3.1023325295,COBE-SST2,3
1956-06-01,28.9644890853,25.5274788170,3.4370102683,COBE-SST2,3
1956-07-01,28.9452986055,24.8561292298,4.0891693757,COBE-SST2,3
1956-08-01,28.8462419191,24.6668820552,4.1793598638,COBE-SST2,3
1956-09-01,28.8680955492,24.3839827017,4.4841128475,COBE-SST2,3
1956-10-01,29.0368652938,24.5666464845,4.4702188092,COBE-SST2,3
1956-11-01,29.2397933959,25.1458169606,4.0939764353,COBE-SST2,3
1956-12-01,29.2614782492,25.1165926708,4.1448855785,COBE-SST2,3
1957-01-01,29.1927804123,25.5532111589,3.6395692534,COBE-SST2,3
1957-02-01,28.9036944716,26.3688617252,2.5348327464,COBE-SST2,3
1957-03-01,28.9256913172,27.3712971538,1.5543941634,COBE-SST2,3
1957-04-01,28.9378593889,27.9869427727,0.9509166162,COBE-SST2,3
1957-05-01,29.2246682652,28.2222919557,1.0023763095,COBE-SST2,3
1957-06-01,29.1736807451,27.9155770672,1.2581036779,COBE-SST2,3
1957-07-01,28.9108867640,27.0316375734,1.8792491906,COBE-SST2,3
1957-08-01,28.7908901051,26.2298875811,2.5610025239,COBE-SST2,3
1957-09-01,28.9090438309,26.2090469848,2.6999968462,COBE-SST2,3
1957-10-01,29.1867530949,26.2135522121,2.9732008828,COBE-SST2,3
1957-11-01,29.1705913017,26.8221990367,2.3483922650,COBE-SST2,3
1957-12-01,29.0951698280,26.9574708682,2.1376989598,COBE-SST2,3
1958-01-01,29.1192319480,27.5335397359,1.5856922122,COBE-SST2,3
1958-02-01,29.1977475728,27.7608133821,1.4369341906,COBE-SST2,3
1958-03-01,29.1517968113,27.7359086885,1.4158881229,COBE-SST2,3
1958-04-01,29.1172167579,27.7564153867,1.3608013712,COBE-SST2,3
1958-05-01,29.2925779242,27.4580732440,1.8345046802,COBE-SST2,3
1958-06-01,29.1159008615,26.9083651343,2.2075357273,COBE-SST2,3
1958-07-01,28.9369992127,26.1456180765,2.7913811363,COBE-SST2,3
1958-08-01,28.7989389578,25.3718153055,3.4271236523,COBE-SST2,3
1958-09-01,29.0074191405,25.2483856548,3.7590334857,COBE-SST2,3
1958-10-01,29.0875665710,25.3961862693,3.6913803017,COBE-SST2,3
1958-11-01,29.1414183942,25.2923856518,3.8490327423,COBE-SST2,3
1958-12-01,29.1997431506,25.2959122866,3.9038308640,COBE-SST2,3
1959-01-01,29.0313480417,26.1406758107,2.8906722310,COBE-SST2,3
1959-02-01,28.8594111751,26.6991625510,2.1602486241,COBE-SST2,3
1959-03-01,28.7483562517,27.2863478506,1.4620084011,COBE-SST2,3
1959-04-01,28.9540056912,27.6942232465,1.2597824447,COBE-SST2,3
1959-05-01,29.3387858579,27.2583494645,2.0804363934,COBE-SST2,3
1959-06-01,29.0173512690,26.3437892673,2.6735620017,COBE-SST2,3
1959-07-01,29.0117204671,25.3044509253,3.7072695418,COBE-SST2,3
1959-08-01,28.7218206056,24.4609244799,4.2608961256,COBE-SST2,3
1959-09-01,28.9294743348,25.0218198045,3.9076545303,COBE-SST2,3
1959-10-01,29.0123356401,25.6979116724,3.3144239678,COBE-SST2,3
1959-11-01,29.2685919335,25.3403422638,3.9282496696,COBE-SST2,3
1959-12-01,29.0872739338,25.1052710926,3.9820028412,COBE-SST2,3
1960-01-01,28.8581120585,25.6374011972,3.2207108613,COBE-SST2,3
1960-02-01,28.6749077649,26.0418935888,2.6330141762,COBE-SST2,3
1960-03-01,28.8479667527,26.8063771186,2.0415896341,COBE-SST2,3
1960-04-01,28.7962925054,27.0831282893,1.7131642161,COBE-SST2,3
1960-05-01,29.1673864884,26.5143349388,2.6530515496,COBE-SST2,3
1960-06-01,29.0516405467,25.7606435475,3.2909969992,COBE-SST2,3
1960-07-01,28.9857462135,25.2084447816,3.7773014319,COBE-SST2,3
1960-08-01,28.7747984157,24.7305883450,4.0442100707,COBE-SST2,3
1960-09-01,28.9174228994,25.0074690980,3.9099538014,COBE-SST2,3
1960-10-01,29.0971776731,24.8508699266,4.2463077465,COBE-SST2,3
1960-11-01,29.3875700510,24.4880162843,4.8995537667,COBE-SST2,3
1960-12-01,29.1027061588,25.1383265323,3.9643796265,COBE-SST2,3
1961-01-01,28.9569113807,25.4409524527,3.5159589280,COBE-SST2,3
1961-02-01,28.9965770596,26.3882661790,2.6083108806,COBE-SST2,3
1961-03-01,28.8570785567,26.6019490793,2.2551294775,COBE-SST2,3
1961-04-01,28.9749851980,26.9837120995,1.9912730985,COBE-SST2,3
1961-05-01,28.9745297948,26.8334769986,2.1410527962,COBE-SST2,3
1961-06-01,29.0670756491,26.2630149582,2.8040606909,COBE-SST2,3
1961-07-01,28.8074239150,25.0659476389,3.7414762762,COBE-SST2,3
1961-08-01,28.7342182510,24.5263800856,4.2078381654,COBE-SST2,3
1961-09-01,28.8691073036,24.1690590741,4.7000482295,COBE-SST2,3
1961-10-01,28.8819493951,24.4852042930,4.3967451021,COBE-SST2,3
1961-11-01,28.9844842299,24.4966740235,4.4878102064,COBE-SST2,3
1961-12-01,29.2032990723,24.5843901018,4.6189089705,COBE-SST2,3
1962-01-01,29.2556840208,24.9529293231,4.3027546977,COBE-SST2,3
1962-02-01,29.0866307728,25.8118476138,3.2747831591,COBE-SST2,3
1962-03-01,29.0464005061,26.1293553009,2.9170452052,COBE-SST2,3
1962-04-01,29.0592294117,26.4953251313,2.5639042803,COBE-SST2,3
1962-05-01,29.0073647321,26.1640032091,2.8433615230,COBE-SST2,3
1962-06-01,29.0834562594,25.8330952531,3.2503610063,COBE-SST2,3
1962-07-01,29.1373728519,25.2337887181,3.9035841338,COBE-SST2,3
1962-08-01,29.0865378080,24.9628272598,4.1237105483,COBE-SST2,3
1962-09-01,29.3721891097,24.2868228224,5.0853662872,COBE-SST2,3
1962-10-01,29.4069347038,24.7222451537,4.6846895501,COBE-SST2,3
1962-11-01,29.4337606508,24.7563271381,4.6774335128,COBE-SST2,3
1962-12-01,29.2594742551,24.5641455351,4.6953287200,COBE-SST2,3
1963-01-01,29.2711848269,25.0759928648,4.1951919621,COBE-SST2,3
1963-02-01,29.3091342646,25.6340240061,3.6751102584,COBE-SST2,3
1963-03-01,29.3309396638,26.5300260418,2.8009136220,COBE-SST2,3
1963-04-01,29.3334906711,26.9893680690,2.3441226021,COBE-SST2,3
1963-05-01,29.3896606175,26.8944209097,2.4952397078,COBE-SST2,3
1963-06-01,29.2937889366,26.4986055015,2.7951834351,COBE-SST2,3
1963-07-01,29.1744959374,26.4214749087,2.7530210287,COBE-SST2,3
1963-08-01,29.1275584734,26.0478710271,3.0796874463,COBE-SST2,3
1963-09-01,29.3632484028,25.6582451654,3.7050032375,COBE-SST2,3
1963-10-01,29.3347282279,26.0487407756,3.2859874523,COBE-SST2,3
1963-11-01,29.5118838153,26.1740279299,3.3378558854,COBE-SST2,3
1963-12-01,29.2516733528,26.5177105202,2.7339628326,COBE-SST2,3
1964-01-01,29.2027977638,26.5883354833,2.6144622804,COBE-SST2,3
1964-02-01,29.1966319412,26.6041268136,2.5925051276,COBE-SST2,3
1964-03-01,29.1386273148,26.6196059459,2.5190213690,COBE-SST2,3
1964-04-01,29.2942148871,26.5221814657,2.7720334214,COBE-SST2,3
1964-05-01,29.3871665985,25.6958832730,3.6912833255,COBE-SST2,3
1964-06-01,29.0894660467,25.2007801320,3.8886859147,COBE-SST2,3
1964-07-01,29.1566248942,24.5508589556,4.6057659386,COBE-SST2,3
1964-08-01,28.9204988086,23.8865093951,5.0339894135,COBE-SST2,3
1964-09-01,28.8392849352,23.9321785649,4.9071063703,COBE-SST2,3
1964-10-01,28.9619444482,23.8690276795,5.0929167687,COBE-SST2,3
1964-11-01,28.9441525698,24.0667076318,4.8774449380,COBE-SST2,3
1964-12-01,28.8245331307,24.0041775006,4.8203556301,COBE-SST2,3
1965-01-01,28.8576935250,24.6931445986,4.1645489263,COBE-SST2,3
1965-02-01,28.7103496485,25.7693587180,2.9409909305,COBE-SST2,3
1965-03-01,28.7820772352,26.7255537533,2.0565234819,COBE-SST2,3
1965-04-01,28.6802901784,27.4153053747,1.2649848037,COBE-SST2,3
1965-05-01,28.9797344224,27.5828078808,1.3969265416,COBE-SST2,3
1965-06-01,28.9171588873,27.2042610263,1.7128978610,COBE-SST2,3
1965-07-01,28.5464441166,26.8069756793,1.7394684372,COBE-SST2,3
1965-08-01,28.2995918499,26.4422949922,1.8572968576,COBE-SST2,3
1965-09-01,28.4783680043,26.2534890571,2.2248789472,COBE-SST2,3
1965-10-01,28.6816341343,26.7851809148,1.8964532195,COBE-SST2,3
1965-11-01,28.8789390324,27.0876157181,1.7913233143,COBE-SST2,3
1965-12-01,29.0423115519,26.8407926045,2.2015189474,COBE-SST2,3
1966-01-01,28.9341299907,27.0045093831,1.9296206076,COBE-SST2,3
1966-02-01,28.7294820677,27.0019676826,1.7275143851,COBE-SST2,3
1966-03-01,28.8572432223,27.0964357418,1.7608074805,COBE-SST2,3
1966-04-01,29.0589322265,27.1521141095,1.9068181170,COBE-SST2,3
1966-05-01,29.1318142378,26.4731545025,2.6586597353,COBE-SST2,3
1966-06-01,29.2298514709,26.2077103760,3.0221410950,COBE-SST2,3
1966-07-01,29.0649715882,25.7747857798,3.2901858084,COBE-SST2,3
1966-08-01,28.8519310869,24.8959758731,3.9559552138,COBE-SST2,3
1966-09-01,29.1594705525,24.7550471564,4.4044233961,COBE-SST2,3
1966-10-01,29.2731592913,24.8438755618,4.4292837295,COBE-SST2,3
1966-11-01,29.3675300929,25.0166782320,4.3508518609,COBE-SST2,3
1966-12-01,29.3241750286,24.8841542556,4.4400207730,COBE-SST2,3
1967-01-01,28.9040518522,25.1825856609,3.7214661913,COBE-SST2,3
1967-02-01,28.8758447954,25.7872953989,3.0885493965,COBE-SST2,3
1967-03-01,29.0211191558,26.2955644158,2.7255547399,COBE-SST2,3
1967-04-01,29.1613362087,26.7214584032,2.4398778055,COBE-SST2,3
1967-05-01,29.3811896283,26.5385545584,2.8426350699,COBE-SST2,3
1967-06-01,29.2942111641,26.1435330207,3.1506781434,COBE-SST2,3
1967-07-01,29.1196919860,25.3722477773,3.7474442087,COBE-SST2,3
1967-08-01,28.9913782381,24.4720563656,4.5193218724,COBE-SST2,3
1967-09-01,29.4138881835,24.0572397376,5.3566484459,COBE-SST2,3
1967-10-01,29.3075191014,24.4601038376,4.8474152637,COBE-SST2,3
1967-11-01,29.1009120690,24.2876267535,4.8132853155,COBE-SST2,3
1967-12-01,29.0427758023,24.4000021478,4.6427736545,COBE-SST2,3
1968-01-01,29.1198581802,24.5472255883,4.5726325919,COBE-SST2,3
1968-02-01,29.0370206408,25.3350079555,3.7020126852,COBE-SST2,3
1968-03-01,29.0709704571,25.8077760843,3.2631943728,COBE-SST2,3
1968-04-01,28.9782159129,26.3310769127,2.6471390002,COBE-SST2,3
1968-05-01,29.0859218145,26.1270730723,2.9588487422,COBE-SST2,3
1968-06-01,29.3967761779,26.3445871143,3.0521890636,COBE-SST2,3
1968-07-01,29.2632334935,25.8672635995,3.3959698940,COBE-SST2,3
1968-08-01,29.1877322531,25.4875961000,3.7001361531,COBE-SST2,3
1968-09-01,29.3899675747,25.3734290290,4.0165385457,COBE-SST2,3
1968-10-01,29.7691531616,25.6280313125,4.1411218491,COBE-SST2,3
1968-11-01,29.5071937640,25.5971506482,3.9100431158,COBE-SST2,3
1968-12-01,29.5535381025,25.8191189475,3.7344191550,COBE-SST2,3
1969-01-01,29.3125563901,26.4177196564,2.8948367337,COBE-SST2,3
1969-02-01,29.0211109803,27.0434449395,1.9776660408,COBE-SST2,3
1969-03-01,29.1454235175,27.5719396986,1.5734838188,COBE-SST2,3
1969-04-01,29.3592141166,27.7814916917,1.5777224250,COBE-SST2,3
1969-05-01,29.5174168321,27.6335716626,1.8838451695,COBE-SST2,3
1969-06-01,29.5090385813,27.1676561903,2.3413823910,COBE-SST2,3
1969-07-01,29.3588601187,26.1303138069,3.2285463119,COBE-SST2,3
1969-08-01,29.1672562519,25.9415387578,3.2257174941,COBE-SST2,3
1969-09-01,29.6383344009,25.6904374884,3.9478969125,COBE-SST2,3
1969-10-01,29.6887813470,25.7834815130,3.9052998340,COBE-SST2,3
1969-11-01,29.6103714838,26.2162600800,3.3941114038,COBE-SST2,3
1969-12-01,29.2169677995,26.4373267820,2.7796410174,COBE-SST2,3
1970-01-01,29.1177412043,26.6608692487,2.4568719557,COBE-SST2,3
1970-02-01,29.2636710253,26.6959235014,2.5677475239,COBE-SST2,3
1970-03-01,29.1669987258,26.9352493478,2.2317493780,COBE-SST2,3
1970-04-01,29.0125352536,27.2569553783,1.7555798753,COBE-SST2,3
1970-05-01,29.2792672927,26.4232785887,2.8559887039,COBE-SST2,3
1970-06-01,29.2161868015,25.3319637811,3.8842230204,COBE-SST2,3
1970-07-01,29.2160081121,24.2247164406,4.9912916714,COBE-SST2,3
1970-08-01,29.0018737243,23.7058527465,5.2960209779,COBE-SST2,3
1970-09-01,29.1423520321,23.8631399343,5.2792120978,COBE-SST2,3
1970-10-01,29.1024841126,23.9441707007,5.1583134119,COBE-SST2,3
1970-11-01,29.1650401551,23.7536346832,5.4114054719,COBE-SST2,3
1970-12-01,29.0106222813,23.4870341237,5.5235881576,COBE-SST2,3
1971-01-01,28.9700197675,23.7934069992,5.1766127683,COBE-SST2,3
1971-02-01,28.8861807217,24.6398634932,4.2463172286,COBE-SST2,3
1971-03-01,28.8712195638,25.5949252609,3.2762943029,COBE-SST2,3
1971-04-01,28.8250616978,26.3610715421,2.4639901557,COBE-SST2,3
1971-05-01,28.8430646737,25.9536865340,2.8893781396,COBE-SST2,3
1971-06-01,28.8113764918,25.4337497176,3.3776267742,COBE-SST2,3
1971-07-01,28.7707203031,25.1642842939,3.6064360092,COBE-SST2,3
1971-08-01,28.6803787680,24.4935853638,4.1867934042,COBE-SST2,3
1971-09-01,28.7124122311,24.1629703597,4.5494418713,COBE-SST2,3
1971-10-01,28.8021911461,23.9759471578,4.8262439882,COBE-SST2,3
1971-11-01,28.9881527026,24.1214734237,4.8666792789,COBE-SST2,3
1971-12-01,29.0188974671,24.1758821215,4.8430153456,COBE-SST2,3
1972-01-01,28.8703612781,24.7914930880,4.0788681901,COBE-SST2,3
1972-02-01,28.8001062355,25.9321304605,2.8679757750,COBE-SST2,3
1972-03-01,29.0270860165,26.7666940936,2.2603919228,COBE-SST2,3
1972-04-01,29.1251413923,27.4985611961,1.6265801961,COBE-SST2,3
1972-05-01,29.0643760102,27.3199017695,1.7444742407,COBE-SST2,3
1972-06-01,28.8929034954,27.2695564391,1.6233470563,COBE-SST2,3
1972-07-01,28.8810422865,26.9295873360,1.9514549505,COBE-SST2,3
1972-08-01,28.5736006591,26.9672338800,1.6063667791,COBE-SST2,3
1972-09-01,28.6280659661,26.8824736699,1.7455922962,COBE-SST2,3
1972-10-01,28.8943805782,27.3248986385,1.5694819397,COBE-SST2,3
1972-11-01,29.1565861071,27.5548200258,1.6017660814,COBE-SST2,3
1972-12-01,28.9447250382,27.7539540772,1.1907709610,COBE-SST2,3
1973-01-01,28.8437323259,27.5358298519,1.3079024740,COBE-SST2,3
1973-02-01,28.7717551673,27.1785230895,1.5932320777,COBE-SST2,3
1973-03-01,28.9410841280,27.1645487157,1.7765354123,COBE-SST2,3
1973-04-01,29.0471751572,27.0249822551,2.0221929021,COBE-SST2,3
1973-05-01,29.0353581049,26.2458921630,2.7894659419,COBE-SST2,3
1973-06-01,29.1414630653,25.2849388593,3.8565242061,COBE-SST2,3
1973-07-01,29.1036956937,24.4282925032,4.6754031904,COBE-SST2,3
1973-08-01,29.0382252927,23.7232342406,5.3149910521,COBE-SST2,3
1973-09-01,29.0902380459,23.5882316926,5.5020063533,COBE-SST2,3
1973-10-01,28.9712483186,23.6830336102,5.2882147084,COBE-SST2,3
1973-11-01,28.7912461621,23.4611716306,5.3300745315,COBE-SST2,3
1973-12-01,29.0886880495,23.1716518109,5.9170362386,COBE-SST2,3
1974-01-01,28.9429676578,23.5479161572,5.3950515007,COBE-SST2,3
1974-02-01,28.9454428238,24.6360327773,4.3094100466,COBE-SST2,3
1974-03-01,29.0297112295,25.7817319603,3.2479792692,COBE-SST2,3
1974-04-01,28.9402636497,26.5356841335,2.4045795162,COBE-SST2,3
1974-05-01,28.9759511585,26.3239697081,2.6519814504,COBE-SST2,3
1974-06-01,28.9467517121,25.9964004309,2.9503512813,COBE-SST2,3
1974-07-01,28.9233394382,25.2333376494,3.6900017888,COBE-SST2,3
1974-08-01,28.9510737770,24.9424241966,4.0086495804,COBE-SST2,3
1974-09-01,28.9738536226,24.8663222433,4.1075313793,COBE-SST2,3
1974-10-01,29.0019209501,24.2812175758,4.7207033743,COBE-SST2,3
1974-11-01,28.9486254427,24.6070549646,4.3415704780,COBE-SST2,3
1974-12-01,28.8902531252,24.4580646598,4.4321884654,COBE-SST2,3
1975-01-01,28.6203563524,25.0607411547,3.5596151977,COBE-SST2,3
1975-02-01,28.5634239150,25.6726662863,2.8907576287,COBE-SST2,3
1975-03-01,28.6276312762,26.3799367281,2.2476945481,COBE-SST2,3
1975-04-01,28.7454888862,26.6920708967,2.0534179895,COBE-SST2,3
1975-05-01,28.8815373748,26.0708598771,2.8106774976,COBE-SST2,3
1975-06-01,28.9196068056,25.2511842766,3.6684225290,COBE-SST2,3
1975-07-01,28.8681314360,24.5827698598,4.2853615763,COBE-SST2,3
1975-08-01,28.7884949389,23.9860169481,4.8024779908,COBE-SST2,3
1975-09-01,28.6610566157,23.5998016276,5.0612549881,COBE-SST2,3
1975-10-01,28.4442028281,23.6597978544,4.7844049737,COBE-SST2,3
1975-11-01,28.5921647968,23.6512491479,4.9409156489,COBE-SST2,3
1975-12-01,28.7600783228,23.5218859482,5.2381923746,COBE-SST2,3
1976-01-01,28.8793692697,23.8942439305,4.9851253392,COBE-SST2,3
1976-02-01,28.5634146032,25.2305836362,3.3328309670,COBE-SST2,3
1976-03-01,28.6611441259,26.1439893127,2.5171548132,COBE-SST2,3
1976-04-01,28.7415060361,26.6545241709,2.0869818652,COBE-SST2,3
1976-05-01,28.8299494647,26.8013871555,2.0285623092,COBE-SST2,3
1976-06-01,28.9297629762,26.8303475135,2.0994154627,COBE-SST2,3
1976-07-01,28.8544326283,26.3361301617,2.5183024666,COBE-SST2,3
1976-08-01,28.5922121934,25.9037942577,2.6884179358,COBE-SST2,3
1976-09-01,28.6377946310,26.2535318638,2.3842627672,COBE-SST2,3
1976-10-01,29.0997363627,25.9523116058,3.1474247568,COBE-SST2,3
1976-11-01,29.4022879621,25.9770017817,3.4252861804,COBE-SST2,3
1976-12-01,29.1734069783,25.9193865439,3.2540204344,COBE-SST2,3
1977-01-01,28.9074664395,26.5373890555,2.3700773840,COBE-SST2,3
1977-02-01,29.0441816409,26.7702011133,2.2739805276,COBE-SST2,3
1977-03-01,29.0761232004,26.9992665472,2.0768566531,COBE-SST2,3
1977-04-01,29.2441185378,26.8776656931,2.3664528447,COBE-SST2,3
1977-05-01,29.4440462034,26.8106320235,2.6334141799,COBE-SST2,3
1977-06-01,29.1857968846,26.4143461132,2.7714507714,COBE-SST2,3
1977-07-01,29.1273484955,25.6243683749,3.5029801207,COBE-SST2,3
1977-08-01,28.9117099213,24.9528885513,3.9588213700,COBE-SST2,3
1977-09-01,28.9521018128,25.1466305249,3.8054712879,COBE-SST2,3
1977-10-01,29.1415005584,25.5852001775,3.5563003809,COBE-SST2,3
1977-11-01,29.1002964677,25.9448397253,3.1554567424,COBE-SST2,3
1977-12-01,29.0970422952,26.1322622079,2.9647800873,COBE-SST2,3
1978-01-01,28.8331897751,26.0807122112,2.7524775639,COBE-SST2,3
1978-02-01,28.4813397020,26.5843206754,1.8970190267,COBE-SST2,3
1978-03-01,28.8753316303,26.8646474417,2.0106841886,COBE-SST2,3
1978-04-01,28.9859984124,26.6457412010,2.3402572114,COBE-SST2,3
1978-05-01,29.4447349900,26.1939961588,3.2507388313,COBE-SST2,3
1978-06-01,29.4428845200,25.5804151345,3.8624693854,COBE-SST2,3
1978-07-01,29.2506584298,24.8270086766,4.4236497532,COBE-SST2,3
1978-08-01,29.2008686128,24.5469720273,4.6538965855,COBE-SST2,3
1978-09-01,29.3866343764,24.6196580522,4.7669763242,COBE-SST2,3
1978-10-01,29.2362507404,24.7593995372,4.4768512032,COBE-SST2,3
1978-11-01,29.4102597467,25.0935700989,4.3166896478,COBE-SST2,3
1978-12-01,29.4936534740,25.1877456782,4.3059077957,COBE-SST2,3
1979-01-01,29.4195071283,25.7101205913,3.7093865371,COBE-SST2,3
1979-02-01,29.1614430354,26.3247182839,2.8367247515,COBE-SST2,3
1979-03-01,29.1857418775,27.1101074944,2.0756343831,COBE-SST2,3
1979-04-01,29.1902365626,27.6220616908,1.5681748718,COBE-SST2,3
1979-05-01,29.4003237725,27.2303208931,2.1700028794,COBE-SST2,3
1979-06-01,29.4566531609,26.5324726459,2.9241805150,COBE-SST2,3
1979-07-01,29.3088580380,25.6114420498,3.6974159882,COBE-SST2,3
1979-08-01,29.0447722784,25.2130283949,3.8317438835,COBE-SST2,3
1979-09-01,29.1494650946,25.4200265499,3.7294385447,COBE-SST2,3
1979-10-01,29.4349221023,25.6493407901,3.7855813122,COBE-SST2,3
1979-11-01,29.6139142345,25.7534125285,3.8605017061,COBE-SST2,3
1979-12-01,29.2776154249,25.8677203495,3.4098950754,COBE-SST2,3
1980-01-01,29.2394655931,26.1899506703,3.0495149228,COBE-SST2,3
1980-02-01,29.2078423675,26.4784858437,2.7293565238,COBE-SST2,3
1980-03-01,29.2043420711,26.7873813955,2.4169606756,COBE-SST2,3
1980-04-01,29.2940722323,27.3057675402,1.9883046921,COBE-SST2,3
1980-05-01,29.5401660104,27.0983716949,2.4417943155,COBE-SST2,3
1980-06-01,29.2403565279,26.6461964505,2.5941600774,COBE-SST2,3
1980-07-01,29.0580644809,25.6758000144,3.3822644666,COBE-SST2,3
1980-08-01,28.9442112418,24.9296415157,4.0145697261,COBE-SST2,3
1980-09-01,29.1001238039,24.9484204776,4.1517033263,COBE-SST2,3
1980-10-01,29.3465707233,24.8443999356,4.5021707877,COBE-SST2,3
1980-11-01,29.3936996586,25.1491792917,4.2445203669,COBE-SST2,3
1980-12-01,29.2429642634,25.2543935068,3.9885707566,COBE-SST2,3
1981-01-01,29.1617746181,25.2439357223,3.9178388958,COBE-SST2,3
1981-02-01,28.9853732552,25.4596103343,3.5257629209,COBE-SST2,3
1981-03-01,28.9811902635,26.3119141815,2.6692760821,COBE-SST2,3
1981-04-01,29.1771239893,26.8969140228,2.2802099665,COBE-SST2,3
1981-05-01,29.4862425557,26.6899083351,2.7963342206,COBE-SST2,3
1981-06-01,29.4739761409,26.1151040300,3.3588721109,COBE-SST2,3
1981-07-01,29.4749319740,25.2080832493,4.2668487247,COBE-SST2,3
1981-08-01,29.2507500810,24.5066636829,4.7440863981,COBE-SST2,3
1981-09-01,29.5142754956,24.6704328280,4.8438426675,COBE-SST2,3
1981-10-01,29.5126964809,24.8753103119,4.6373861690,COBE-SST2,3
1981-11-01,29.8469613755,24.8571964050,4.9897649705,COBE-SST2,3
1981-12-01,29.5033724739,24.9844966685,4.5188758054,COBE-SST2,3
1982-01-01,29.3196628959,25.5609963782,3.7586665178,COBE-SST2,3
1982-02-01,29.3581159351,26.2037022245,3.1544137106,COBE-SST2,3
1982-03-01,29.3430091814,26.6868044322,2.6562047492,COBE-SST2,3
1982-04-01,29.3600015032,27.2435684031,2.1164331001,COBE-SST2,3
1982-05-01,29.4995088162,27.4150619265,2.0844468898,COBE-SST2,3
1982-06-01,29.4302288168,27.1706421571,2.2595866596,COBE-SST2,3
1982-07-01,28.8707542004,26.4161443828,2.4546098177,COBE-SST2,3
1982-08-01,28.6415914901,26.3057222789,2.3358692112,COBE-SST2,3
1982-09-01,28.8163512541,26.5801014995,2.2362497547,COBE-SST2,3
1982-10-01,29.0286740281,27.1397655274,1.8889085007,COBE-SST2,3
1982-11-01,29.1651376001,27.9346286421,1.2305089580,COBE-SST2,3
1982-12-01,29.0973640530,28.2509467869,0.8464172662,COBE-SST2,3
1983-01-01,28.8158456383,28.4792918497,0.3365537886,COBE-SST2,3
1983-02-01,28.5954548301,28.7446819854,-0.1492271553,COBE-SST2,3
1983-03-01,28.6202429678,28.6576009135,-0.0373579457,COBE-SST2,3
1983-04-01,28.6953127964,28.8635444046,-0.1682316082,COBE-SST2,3
1983-05-01,29.0518861884,28.6733972071,0.3784889813,COBE-SST2,3
1983-06-01,29.2394833512,27.8068082630,1.4326750881,COBE-SST2,3
1983-07-01,29.0115041661,26.7613473781,2.2501567880,COBE-SST2,3
1983-08-01,28.9506649474,26.0305347064,2.9201302411,COBE-SST2,3
1983-09-01,28.9257585656,24.9094029579,4.0163556076,COBE-SST2,3
1983-10-01,29.0152436806,24.3488755976,4.6663680829,COBE-SST2,3
1983-11-01,28.9419159518,24.3466407013,4.5952752505,COBE-SST2,3
1983-12-01,29.1887298393,24.5136861968,4.6750436425,COBE-SST2,3
1984-01-01,29.3204340124,25.0120996332,4.3083343792,COBE-SST2,3
1984-02-01,29.0241180602,25.7169126625,3.3072053977,COBE-SST2,3
1984-03-01,28.7514567200,26.4619259240,2.2895307960,COBE-SST2,3
1984-04-01,28.8417872916,26.8795447401,1.9622425516,COBE-SST2,3
1984-05-01,28.8641893227,26.2435107067,2.6206786160,COBE-SST2,3
1984-06-01,28.9536325040,25.5923394191,3.3612930849,COBE-SST2,3
1984-07-01,29.0507805314,25.0644994771,3.9862810543,COBE-SST2,3
1984-08-01,29.0093666308,24.6789438869,4.3304227439,COBE-SST2,3
1984-09-01,29.2978225938,24.3487204978,4.9491020960,COBE-SST2,3
1984-10-01,29.3215401892,24.4193595606,4.9021806287,COBE-SST2,3
1984-11-01,29.1954385838,24.5196572199,4.6757813639,COBE-SST2,3
1984-12-01,29.0568778859,24.1807821901,4.8760956958,COBE-SST2,3
1985-01-01,28.8394427192,24.4871565095,4.3522862097,COBE-SST2,3
1985-02-01,28.9139818193,25.1711831722,3.7427986471,COBE-SST2,3
1985-03-01,28.7158554137,25.8782618350,2.8375935787,COBE-SST2,3
1985-04-01,28.9636477800,26.2895211193,2.6741266607,COBE-SST2,3
1985-05-01,29.1462592031,26.0623611583,3.0838980448,COBE-SST2,3
1985-06-01,29.2217384641,25.5260533199,3.6956851442,COBE-SST2,3
1985-07-01,29.2164402505,25.0155130645,4.2009271860,COBE-SST2,3
1985-08-01,29.1629099419,24.7033784353,4.4595315066,COBE-SST2,3
1985-09-01,29.3819052303,24.5089715707,4.8729336596,COBE-SST2,3
1985-10-01,29.4242529024,24.5750014250,4.8492514774,COBE-SST2,3
1985-11-01,29.6617605024,24.8060839445,4.8556765579,COBE-SST2,3
1985-12-01,29.4764189362,24.6910951152,4.7853238209,COBE-SST2,3
1986-01-01,29.3631860477,25.0159200409,4.3472660069,COBE-SST2,3
1986-02-01,29.3129966531,25.9892671049,3.3237295482,COBE-SST2,3
1986-03-01,29.4800076168,26.7232565408,2.7567510760,COBE-SST2,3
1986-04-01,29.4017862064,26.9845020810,2.4172841254,COBE-SST2,3
1986-05-01,29.7237660682,26.6343268237,3.0894392446,COBE-SST2,3
1986-06-01,29.4638942202,26.2670583302,3.1968358900,COBE-SST2,3
1986-07-01,29.3520316469,25.8730890457,3.4789426011,COBE-SST2,3
1986-08-01,29.1958754078,25.5395224995,3.6563529083,COBE-SST2,3
1986-09-01,29.0269589500,25.7330704942,3.2938884558,COBE-SST2,3
1986-10-01,29.2353354620,26.0667221319,3.1686133301,COBE-SST2,3
1986-11-01,29.3548311250,26.6032764831,2.7515546419,COBE-SST2,3
1986-12-01,28.9580500865,26.6221694634,2.3358806231,COBE-SST2,3
1987-01-01,29.0641840055,27.0278402165,2.0363437890,COBE-SST2,3
1987-02-01,28.9912745643,27.5343391316,1.4569354327,COBE-SST2,3
1987-03-01,29.2960960400,28.2675553376,1.0285407024,COBE-SST2,3
1987-04-01,29.3770599132,28.5521523158,0.8249075973,COBE-SST2,3
1987-05-01,29.4635850917,28.2629562989,1.2006287928,COBE-SST2,3
1987-06-01,29.3243937321,27.8758712626,1.4485224695,COBE-SST2,3
1987-07-01,28.8135228456,27.3948546864,1.4186681592,COBE-SST2,3
1987-08-01,28.7053385859,26.8243678557,1.8809707302,COBE-SST2,3
1987-09-01,29.0487071920,26.8216119924,2.2270951995,COBE-SST2,3
1987-10-01,29.4370683163,26.5785818878,2.8584864286,COBE-SST2,3
1987-11-01,29.8844406481,26.3989961897,3.4854444585,COBE-SST2,3
1987-12-01,29.5905216372,26.2102293850,3.3802922522,COBE-SST2,3
1988-01-01,29.2166362104,26.2913229989,2.9253132115,COBE-SST2,3
1988-02-01,29.0913467422,26.3716957930,2.7196509493,COBE-SST2,3
1988-03-01,29.0965989120,26.6678032133,2.4287956987,COBE-SST2,3
1988-04-01,29.2409238652,26.5327963451,2.7081275201,COBE-SST2,3
1988-05-01,29.2185301173,25.4029260043,3.8156041130,COBE-SST2,3
1988-06-01,29.3743926394,24.3023333479,5.0720592915,COBE-SST2,3
1988-07-01,29.3019850432,23.7621458181,5.5398392251,COBE-SST2,3
1988-08-01,29.0973890249,23.6095555499,5.4878334750,COBE-SST2,3
1988-09-01,28.8641264565,23.6486357411,5.2154907153,COBE-SST2,3
1988-10-01,28.9263366528,23.4041445472,5.5221921057,COBE-SST2,3
1988-11-01,28.9410932690,23.3891428080,5.5519504610,COBE-SST2,3
1988-12-01,28.9617626686,23.4204190056,5.5413436630,COBE-SST2,3
1989-01-01,29.0134612854,23.9904000626,5.0230612228,COBE-SST2,3
1989-02-01,28.8971570082,25.0871609361,3.8099960721,COBE-SST2,3
1989-03-01,28.9469272195,25.8486319003,3.0982953192,COBE-SST2,3
1989-04-01,29.1139877809,26.3632593850,2.7507283959,COBE-SST2,3
1989-05-01,29.2690315152,26.0222505379,3.2467809773,COBE-SST2,3
1989-06-01,29.1845117811,25.8151594528,3.3693523284,COBE-SST2,3
1989-07-01,29.3598602613,25.3850054893,3.9748547720,COBE-SST2,3
1989-08-01,29.1878504623,24.9260184985,4.2618319638,COBE-SST2,3
1989-09-01,29.4113673899,24.8469128532,4.5644545368,COBE-SST2,3
1989-10-01,29.5137884390,24.9140372368,4.5997512022,COBE-SST2,3
1989-11-01,29.4624946249,24.8576156621,4.6048789627,COBE-SST2,3
1989-12-01,29.4881282161,25.0638252693,4.4243029468,COBE-SST2,3
1990-01-01,29.4388101702,25.4704360190,3.9683741511,COBE-SST2,3
1990-02-01,29.3630823195,26.3940022573,2.9690800622,COBE-SST2,3
1990-03-01,29.4320890049,26.9373952404,2.4946937645,COBE-SST2,3
1990-04-01,29.5081478487,27.4847486813,2.0233991673,COBE-SST2,3
1990-05-01,29.7717424360,27.2910655261,2.4806769098,COBE-SST2,3
1990-06-01,29.7021813982,26.6211640387,3.0810173594,COBE-SST2,3
1990-07-01,29.4690046166,25.8117971214,3.6572074952,COBE-SST2,3
1990-08-01,29.4219782456,25.2898918888,4.1320863568,COBE-SST2,3
1990-09-01,29.4698773552,25.2945428681,4.1753344871,COBE-SST2,3
1990-10-01,29.8131444687,25.2230927481,4.5900517205,COBE-SST2,3
1990-11-01,29.7840757767,25.3219805664,4.4620952103,COBE-SST2,3
1990-12-01,29.4124166452,25.5600308514,3.8523857937,COBE-SST2,3
1991-01-01,29.2540906202,25.8881439839,3.3659466363,COBE-SST2,3
1991-02-01,29.3433094714,26.4922742083,2.8510352631,COBE-SST2,3
1991-03-01,29.4385782399,27.0217118634,2.4168663764,COBE-SST2,3
1991-04-01,29.7619207097,27.4100183893,2.3519023204,COBE-SST2,3
1991-05-01,29.7530944120,27.5466153270,2.2064790850,COBE-SST2,3
1991-06-01,29.6832004499,27.3407691764,2.3424312735,COBE-SST2,3
1991-07-01,29.4928495520,26.8157609471,2.6770886049,COBE-SST2,3
1991-08-01,29.2912274673,26.1005723721,3.1906550952,COBE-SST2,3
1991-09-01,29.2147989283,25.6633624217,3.5514365066,COBE-SST2,3
1991-10-01,29.3203818327,26.0558569917,3.2645248411,COBE-SST2,3
1991-11-01,29.3742638035,26.6022494501,2.7720143534,COBE-SST2,3
1991-12-01,29.1734435567,27.1721078444,2.0013357123,COBE-SST2,3
1992-01-01,28.6700068535,27.5052860663,1.1647207873,COBE-SST2,3
1992-02-01,28.6768287004,27.9559887751,0.7208399254,COBE-SST2,3
1992-03-01,28.7392646736,28.3312484642,0.4080162094,COBE-SST2,3
1992-04-01,29.1285706413,28.6390473194,0.4895233219,COBE-SST2,3
1992-05-01,29.2841556002,28.2485405556,1.0356150446,COBE-SST2,3
1992-06-01,29.3719140013,27.1840195418,2.1878944595,COBE-SST2,3
1992-07-01,29.1987860328,26.0186225553,3.1801634774,COBE-SST2,3
1992-08-01,29.1851691901,24.9873485234,4.1978206668,COBE-SST2,3
1992-09-01,29.4505752533,24.8185152129,4.6320600403,COBE-SST2,3
1992-10-01,29.5656368698,24.8219353067,4.7437015631,COBE-SST2,3
1992-11-01,29.4311497301,25.2871897465,4.1439599835,COBE-SST2,3
1992-12-01,29.3684532333,25.3304904867,4.0379627467,COBE-SST2,3
1993-01-01,28.9957358982,25.6566121678,3.3391237304,COBE-SST2,3
1993-02-01,28.8396116827,26.6464855392,2.1931261435,COBE-SST2,3
1993-03-01,28.9336639276,27.4027267114,1.5309372163,COBE-SST2,3
1993-04-01,29.1264961334,28.2578905032,0.8686056302,COBE-SST2,3
1993-05-01,29.1342943922,28.1383142229,0.9959801693,COBE-SST2,3
1993-06-01,29.0813001005,27.3500892796,1.7312108209,COBE-SST2,3
1993-07-01,29.0167326318,26.3357958711,2.6809367607,COBE-SST2,3
1993-08-01,28.6162758541,25.4426144293,3.1736614248,COBE-SST2,3
1993-09-01,28.8972111743,25.3856094636,3.5116017107,COBE-SST2,3
1993-10-01,28.9860617906,25.6313526806,3.3547091100,COBE-SST2,3
1993-11-01,29.5742154837,25.6145952597,3.9596202241,COBE-SST2,3
1993-12-01,29.5891727011,25.5707497469,4.0184229541,COBE-SST2,3
1994-01-01,29.3120623881,25.6993286119,3.6127337761,COBE-SST2,3
1994-02-01,29.3776365052,26.0937614357,3.2838750695,COBE-SST2,3
1994-03-01,29.4861719426,26.6079054775,2.8782664652,COBE-SST2,3
1994-04-01,29.4583952809,27.0068995286,2.4514957523,COBE-SST2,3
1994-05-01,29.5796002979,26.9289954070,2.6506048909,COBE-SST2,3
1994-06-01,29.6607177324,26.5560038871,3.1047138453,COBE-SST2,3
1994-07-01,29.4061584874,25.7342184631,3.6719400243,COBE-SST2,3
1994-08-01,29.2195083220,25.4607629822,3.7587453398,COBE-SST2,3
1994-09-01,29.0928229278,25.5200616702,3.5727612576,COBE-SST2,3
1994-10-01,29.3655173540,26.2129133873,3.1526039668,COBE-SST2,3
1994-11-01,29.7137610962,26.4196310156,3.2941300806,COBE-SST2,3
1994-12-01,29.5368142599,26.4705225807,3.0662916792,COBE-SST2,3
1995-01-01,29.2687834567,26.6967017896,2.5720816670,COBE-SST2,3
1995-02-01,29.3749266826,26.9746495456,2.4002771370,COBE-SST2,3
1995-03-01,29.5993847772,26.9006780122,2.6987067650,COBE-SST2,3
1995-04-01,29.6514729301,26.9111898215,2.7402831086,COBE-SST2,3
1995-05-01,29.8845768221,26.3693065374,3.5152702846,COBE-SST2,3
1995-06-01,29.7716075291,26.1888850480,3.5827224811,COBE-SST2,3
1995-07-01,29.7218096682,25.4458957799,4.2759138884,COBE-SST2,3
1995-08-01,29.4780042203,24.6504025750,4.8276016453,COBE-SST2,3
1995-09-01,29.5387390429,24.3566828041,5.1820562388,COBE-SST2,3
1995-10-01,29.6615940268,24.2800243045,5.3815697223,COBE-SST2,3
1995-11-01,29.5885574576,23.9735267031,5.6150307545,COBE-SST2,3
1995-12-01,29.9048603263,23.9488816303,5.9559786961,COBE-SST2,3
1996-01-01,30.0466094411,24.6756309918,5.3709784494,COBE-SST2,3
1996-02-01,29.7610230875,25.5035608669,4.2574622206,COBE-SST2,3
1996-03-01,29.4586836659,26.3936187418,3.0650649241,COBE-SST2,3
1996-04-01,29.4333250098,26.5828413427,2.8504836671,COBE-SST2,3
1996-05-01,29.5353377041,26.4429509734,3.0923867307,COBE-SST2,3
1996-06-01,29.6217915537,25.9546039862,3.6671875675,COBE-SST2,3
1996-07-01,29.5478412290,25.3221349774,4.2257062515,COBE-SST2,3
1996-08-01,29.6044919791,24.8053145761,4.7991774030,COBE-SST2,3
1996-09-01,29.8572976199,24.4701041089,5.3871935111,COBE-SST2,3
1996-10-01,29.8198615547,24.5446275390,5.2752340157,COBE-SST2,3
1996-11-01,29.8323538916,24.5542448239,5.2781090677,COBE-SST2,3
1996-12-01,29.8921758756,24.2655357627,5.6266401128,COBE-SST2,3
1997-01-01,29.6566720005,24.7891788901,4.8674931105,COBE-SST2,3
1997-02-01,29.7092128984,25.7948516046,3.9143612938,COBE-SST2,3
1997-03-01,29.4636235276,26.7988080770,2.6648154506,COBE-SST2,3
1997-04-01,29.4992746990,27.6539313724,1.8453433266,COBE-SST2,3
1997-05-01,29.5160259408,28.1498620644,1.3661638764,COBE-SST2,3
1997-06-01,29.3280006392,28.2441082911,1.0838923481,COBE-SST2,3
1997-07-01,29.3184161958,28.1724069298,1.1460092660,COBE-SST2,3
1997-08-01,28.7523152820,28.1160554691,0.6362598129,COBE-SST2,3
1997-09-01,28.8263972336,28.2157431222,0.6106541114,COBE-SST2,3
1997-10-01,28.9637385439,28.4668516329,0.4968869110,COBE-SST2,3
1997-11-01,29.3434589697,28.6926442988,0.6508146709,COBE-SST2,3
1997-12-01,29.5359439907,28.7514530748,0.7844909159,COBE-SST2,3
1998-01-01,28.8893019381,29.0400938464,-0.1507919083,COBE-SST2,3
1998-02-01,28.6703526019,28.8821486953,-0.2117960934,COBE-SST2,3
1998-03-01,28.7114477997,28.9024122455,-0.1909644458,COBE-SST2,3
1998-04-01,28.7939998931,28.8121052647,-0.0181053716,COBE-SST2,3
1998-05-01,29.1582139880,28.0714742876,1.0867397004,COBE-SST2,3
1998-06-01,29.1466779978,26.1385026707,3.0081753271,COBE-SST2,3
1998-07-01,29.1546488548,24.9768292545,4.1778196003,COBE-SST2,3
1998-08-01,29.1004793259,24.2222021885,4.8782771374,COBE-SST2,3
1998-09-01,29.2160237439,24.1618347571,5.0541889868,COBE-SST2,3
1998-10-01,29.1260558940,23.8924376747,5.2336182194,COBE-SST2,3
1998-11-01,29.2486145372,23.9082217874,5.3403927497,COBE-SST2,3
1998-12-01,29.4225499241,23.6668179537,5.7557319703,COBE-SST2,3
1999-01-01,29.1735127101,24.1223835674,5.0511291427,COBE-SST2,3
1999-02-01,28.6626242435,25.2579861611,3.4046380824,COBE-SST2,3
1999-03-01,28.5647227790,26.2335872654,2.3311355135,COBE-SST2,3
1999-04-01,28.7111756350,26.5236264368,2.1875491981,COBE-SST2,3
1999-05-01,29.0890787815,26.4044259060,2.6846528755,COBE-SST2,3
1999-06-01,29.1698867117,25.7620373909,3.4078493208,COBE-SST2,3
1999-07-01,29.0516783578,25.0596423502,3.9920360076,COBE-SST2,3
1999-08-01,29.0052763581,24.3294993487,4.6757770094,COBE-SST2,3
1999-09-01,29.1552925169,24.0424802175,5.1128122994,COBE-SST2,3
1999-10-01,29.1591893551,23.8685905270,5.2905988281,COBE-SST2,3
1999-11-01,29.2167656227,23.5804450705,5.6363205522,COBE-SST2,3
1999-12-01,29.3292460609,23.6636877670,5.6655582939,COBE-SST2,3
2000-01-01,29.2921270764,24.0399452559,5.2521818205,COBE-SST2,3
2000-02-01,29.0937372175,25.0579773855,4.0357598321,COBE-SST2,3
2000-03-01,28.8377276216,26.2423069387,2.5954206830,COBE-SST2,3
2000-04-01,28.7919745384,27.0381419197,1.7538326187,COBE-SST2,3
2000-05-01,29.0261480995,26.7278386564,2.2983094432,COBE-SST2,3
2000-06-01,29.2433276127,26.0286688963,3.2146587164,COBE-SST2,3
2000-07-01,29.3235514084,25.3819506258,3.9416007826,COBE-SST2,3
2000-08-01,29.4215543267,24.8828988178,4.5386555089,COBE-SST2,3
2000-09-01,29.6654091246,24.7738165890,4.8915925356,COBE-SST2,3
2000-10-01,29.7752960419,24.7592557705,5.0160402714,COBE-SST2,3
2000-11-01,29.8741866875,24.5500960984,5.3240905891,COBE-SST2,3
2000-12-01,29.7347515679,24.6101379316,5.1246136362,COBE-SST2,3
2001-01-01,29.7994766980,25.1445444363,4.6549322617,COBE-SST2,3
2001-02-01,29.2869913746,25.8482462998,3.4387450748,COBE-SST2,3
2001-03-01,29.3402222396,26.8471768167,2.4930454229,COBE-SST2,3
2001-04-01,29.5141084798,27.3473883276,2.1667201522,COBE-SST2,3
2001-05-01,29.5699274449,26.7843623642,2.7855650807,COBE-SST2,3
2001-06-01,29.6254494619,26.5570741505,3.0683753114,COBE-SST2,3
2001-07-01,29.4367125034,25.9101233592,3.5265891442,COBE-SST2,3
2001-08-01,29.3425962141,25.1927644944,4.1498317197,COBE-SST2,3
2001-09-01,29.8550999894,24.8472982503,5.0078017391,COBE-SST2,3
2001-10-01,29.9654868655,24.7510721198,5.2144147457,COBE-SST2,3
2001-11-01,30.1441012089,24.7919695052,5.3521317037,COBE-SST2,3
2001-12-01,29.7523776714,24.8400686653,4.9123090060,COBE-SST2,3
2002-01-01,29.6049505567,25.6454919521,3.9594586046,COBE-SST2,3
2002-02-01,29.4866850270,26.4416514888,3.0450335382,COBE-SST2,3
2002-03-01,29.3503761691,27.1474649405,2.2029112286,COBE-SST2,3
2002-04-01,29.7583729730,27.6202145615,2.1381584115,COBE-SST2,3
2002-05-01,30.0361926888,27.5858475839,2.4503451048,COBE-SST2,3
2002-06-01,29.8081283091,27.3789564669,2.4291718422,COBE-SST2,3
2002-07-01,29.4832361885,26.5264768790,2.9567593095,COBE-SST2,3
2002-08-01,29.2798713935,26.0939600135,3.1859113800,COBE-SST2,3
2002-09-01,29.3820239308,26.3227295709,3.0592943599,COBE-SST2,3
2002-10-01,29.3272747455,26.5978948055,2.7293799400,COBE-SST2,3
2002-11-01,29.7664440862,27.0612609816,2.7051831046,COBE-SST2,3
2002-12-01,29.4586105188,26.9472494100,2.5113611088,COBE-SST2,3
2003-01-01,29.3656872485,26.6655874988,2.7000997496,COBE-SST2,3
2003-02-01,29.4306504227,26.7902526502,2.6403977725,COBE-SST2,3
2003-03-01,29.5995537000,27.2828763504,2.3166773496,COBE-SST2,3
2003-04-01,29.8453697771,27.0579315930,2.7874381841,COBE-SST2,3
2003-05-01,30.0141171855,26.2284529075,3.7856642780,COBE-SST2,3
2003-06-01,29.9406828193,26.2415990524,3.6990837669,COBE-SST2,3
2003-07-01,29.8332213190,26.0090183344,3.8242029846,COBE-SST2,3
2003-08-01,29.6900898812,25.4137546459,4.2763352353,COBE-SST2,3
2003-09-01,29.7528918397,25.4380848113,4.3148070283,COBE-SST2,3
2003-10-01,30.1454899438,25.7829628814,4.3625270624,COBE-SST2,3
2003-11-01,30.2391750056,25.7711118449,4.4680631607,COBE-SST2,3
2003-12-01,30.0628922116,25.8733924660,4.1894997455,COBE-SST2,3
2004-01-01,29.9110659830,26.0676667367,3.8433992463,COBE-SST2,3
2004-02-01,29.8365056790,26.5362926100,3.3002130690,COBE-SST2,3
2004-03-01,29.7443663334,26.8327488388,2.9116174945,COBE-SST2,3
2004-04-01,29.8059084699,27.1821489972,2.6237594727,COBE-SST2,3
2004-05-01,29.9232078102,26.8436530781,3.0795547321,COBE-SST2,3
2004-06-01,29.5729574065,26.5510606701,3.0218967363,COBE-SST2,3
2004-07-01,29.5343611534,26.1237949364,3.4105662170,COBE-SST2,3
2004-08-01,29.3028944984,25.7272191240,3.5756753745,COBE-SST2,3
2004-09-01,29.6279980061,25.6669676212,3.9610303849,COBE-SST2,3
2004-10-01,29.8640910498,26.0056252855,3.8584657643,COBE-SST2,3
2004-11-01,30.1109810550,26.2369482937,3.8740327613,COBE-SST2,3
2004-12-01,30.0460541570,26.1694215046,3.8766326525,COBE-SST2,3
2005-01-01,29.8820015789,25.9817268962,3.9002746827,COBE-SST2,3
2005-02-01,29.5755297182,26.1455840427,3.4299456755,COBE-SST2,3
2005-03-01,29.6948708397,26.9488149843,2.7460558553,COBE-SST2,3
2005-04-01,29.6819973223,27.3732003702,2.3087969521,COBE-SST2,3
2005-05-01,29.8852494514,27.4092769112,2.4759725402,COBE-SST2,3
2005-06-01,29.8711311161,26.9076714391,2.9634596769,COBE-SST2,3
2005-07-01,29.8533244736,26.0956205729,3.7577039007,COBE-SST2,3
2005-08-01,29.5397741825,25.2889601427,4.2508140399,COBE-SST2,3
2005-09-01,29.6368527652,25.1170803439,4.5197724213,COBE-SST2,3
2005-10-01,30.0206633216,24.9725940246,5.0480692970,COBE-SST2,3
2005-11-01,30.1113229173,24.5295981688,5.5817247486,COBE-SST2,3
2005-12-01,30.0350084777,24.2443557644,5.7906527133,COBE-SST2,3
2006-01-01,29.8485947102,24.7257659161,5.1228287941,COBE-SST2,3
2006-02-01,29.3818102108,25.7515965745,3.6302136363,COBE-SST2,3
2006-03-01,29.3950044083,26.2842533229,3.1107510854,COBE-SST2,3
2006-04-01,29.4628808082,27.0243611129,2.4385196953,COBE-SST2,3
2006-05-01,29.9342987891,27.0146895694,2.9196092197,COBE-SST2,3
2006-06-01,30.0432408372,26.7541611635,3.2890796737,COBE-SST2,3
2006-07-01,29.6274186120,26.1538912347,3.4735273773,COBE-SST2,3
2006-08-01,29.2987879179,25.8598900433,3.4388978745,COBE-SST2,3
2006-09-01,29.6601274061,26.0376178997,3.6225095065,COBE-SST2,3
2006-10-01,29.5678120294,26.2439123858,3.3238996435,COBE-SST2,3
2006-11-01,29.7410422395,26.4557467848,3.2852954548,COBE-SST2,3
2006-12-01,29.8708996648,26.5516992591,3.3192004057,COBE-SST2,3
2007-01-01,29.8094559521,26.4216587695,3.3877971826,COBE-SST2,3
2007-02-01,29.6526415890,26.3633605306,3.2892810585,COBE-SST2,3
2007-03-01,29.9131363640,26.6301772212,3.2829591428,COBE-SST2,3
2007-04-01,29.8578199075,26.9712441226,2.8865757849,COBE-SST2,3
2007-05-01,29.9142152295,26.4903983996,3.4238168299,COBE-SST2,3
2007-06-01,29.9324622125,26.0746895910,3.8577726216,COBE-SST2,3
2007-07-01,29.6746651828,25.3250954548,4.3495697280,COBE-SST2,3
2007-08-01,29.6436585416,24.5751258700,5.0685326716,COBE-SST2,3
2007-09-01,29.7496655782,24.0773916655,5.6722739127,COBE-SST2,3
2007-10-01,29.8307556714,23.6554956693,6.1752600022,COBE-SST2,3
2007-11-01,29.4278844120,23.3366561662,6.0912282459,COBE-SST2,3
2007-12-01,29.4043310241,23.3223484560,6.0819825680,COBE-SST2,3
2008-01-01,29.0325163840,23.7556839756,5.2768324084,COBE-SST2,3
2008-02-01,28.8625727244,24.7466483110,4.1159244133,COBE-SST2,3
2008-03-01,28.7355060064,26.0008129928,2.7346930135,COBE-SST2,3
2008-04-01,28.8288408981,26.5737456141,2.2550952839,COBE-SST2,3
2008-05-01,29.1812687491,26.6959933571,2.4852753920,COBE-SST2,3
2008-06-01,29.1620007803,26.4146048033,2.7473959771,COBE-SST2,3
2008-07-01,29.2486282401,26.0626422133,3.1859860268,COBE-SST2,3
2008-08-01,29.3431400080,25.7519337122,3.5912062958,COBE-SST2,3
2008-09-01,29.4447074656,25.2552803073,4.1894271582,COBE-SST2,3
2008-10-01,29.6417015127,25.2255807199,4.4161207927,COBE-SST2,3
2008-11-01,29.4652581925,25.0719324822,4.3933257102,COBE-SST2,3
2008-12-01,29.5493187680,24.4122231131,5.1370956549,COBE-SST2,3
2009-01-01,29.5400419101,24.8167957073,4.7232462028,COBE-SST2,3
2009-02-01,29.2097404476,25.5811210684,3.6286193791,COBE-SST2,3
2009-03-01,29.0988239855,26.2620334118,2.8367905737,COBE-SST2,3
2009-04-01,29.5730069661,27.1818879260,2.3911190401,COBE-SST2,3
2009-05-01,29.9481382306,27.4639440193,2.4841942112,COBE-SST2,3
2009-06-01,29.8855281891,27.3728972635,2.5126309256,COBE-SST2,3
2009-07-01,29.6343114438,26.8315959702,2.8027154736,COBE-SST2,3
2009-08-01,29.6825251917,26.0723476917,3.6101775001,COBE-SST2,3
2009-09-01,29.7840667167,25.9843253349,3.7997413818,COBE-SST2,3
2009-10-01,29.7964378878,26.1627896288,3.6336482590,COBE-SST2,3
2009-11-01,29.9934155883,26.7501010639,3.2433145245,COBE-SST2,3
2009-12-01,29.5096274761,26.9910726120,2.5185548641,COBE-SST2,3
2010-01-01,29.3670487620,27.2601037831,2.1069449789,COBE-SST2,3
2010-02-01,29.1704959916,27.4791162156,1.6913797760,COBE-SST2,3
2010-03-01,29.5928694491,27.9091653716,1.6837040775,COBE-SST2,3
2010-04-01,29.9131671847,28.0316140714,1.8815531133,COBE-SST2,3
2010-05-01,30.0554510809,27.0198959460,3.0355551349,COBE-SST2,3
2010-06-01,29.8831748773,25.9499265052,3.9332483721,COBE-SST2,3
2010-07-01,29.5143208774,24.8622592853,4.6520615921,COBE-SST2,3
2010-08-01,29.1043563719,24.0488770877,5.0554792842,COBE-SST2,3
2010-09-01,29.0275583858,23.7119031938,5.3156551920,COBE-SST2,3
2010-10-01,29.0924517537,23.6189689721,5.4734827816,COBE-SST2,3
2010-11-01,29.1509733072,23.6259940800,5.5249792272,COBE-SST2,3
2010-12-01,29.0344061733,23.4943466017,5.5400595716,COBE-SST2,3
2011-01-01,29.2197832708,24.1190289128,5.1007543581,COBE-SST2,3
2011-02-01,29.5010064717,25.4882566070,4.0127498647,COBE-SST2,3
2011-03-01,29.4534027464,26.2123048399,3.2410979065,COBE-SST2,3
2011-04-01,29.5821674455,27.0563491413,2.5258183042,COBE-SST2,3
2011-05-01,29.6316831024,26.9729861091,2.6586969933,COBE-SST2,3
2011-06-01,29.5646332815,26.7035554664,2.8610778151,COBE-SST2,3
2011-07-01,29.3076163540,25.9970900033,3.3105263507,COBE-SST2,3
2011-08-01,29.2789532354,25.0776697539,4.2012834815,COBE-SST2,3
2011-09-01,29.3713359404,24.6083576707,4.7629782698,COBE-SST2,3
2011-10-01,29.4282528894,24.5372204977,4.8910323917,COBE-SST2,3
2011-11-01,29.6834594554,24.2683718507,5.4150876047,COBE-SST2,3
2011-12-01,29.3721734185,24.5231349095,4.8490385090,COBE-SST2,3
2012-01-01,29.2706895179,25.0111761166,4.2595134012,COBE-SST2,3
2012-02-01,29.0044344211,26.0197628383,2.9846715828,COBE-SST2,3
2012-03-01,28.9868836615,26.9790766924,2.0078069691,COBE-SST2,3
2012-04-01,29.2735894921,27.5165771276,1.7570123645,COBE-SST2,3
2012-05-01,29.6376164634,27.2909828829,2.3466335805,COBE-SST2,3
2012-06-01,29.6896652917,27.1614489319,2.5282163598,COBE-SST2,3
2012-07-01,29.4789912122,26.9426625113,2.5363287010,COBE-SST2,3
2012-08-01,29.4232742842,26.6210633133,2.8022109710,COBE-SST2,3
2012-09-01,29.7074742867,25.7793966287,3.9280776580,COBE-SST2,3
2012-10-01,29.8989217325,25.3958272253,4.5030945073,COBE-SST2,3
2012-11-01,30.2478159582,25.8594190326,4.3883969256,COBE-SST2,3
2012-12-01,29.9981955572,25.3740747917,4.6241207655,COBE-SST2,3
2013-01-01,29.8439403216,25.1533898692,4.6905504523,COBE-SST2,3
2013-02-01,29.6433805004,25.9709934123,3.6723870881,COBE-SST2,3
2013-03-01,29.5318918818,27.1191563645,2.4127355174,COBE-SST2,3
2013-04-01,29.5111174021,27.2345988330,2.2765185691,COBE-SST2,3
2013-05-01,29.6368319453,26.3811883401,3.2556436052,COBE-SST2,3
2013-06-01,29.8164539447,25.6775174416,4.1389365031,COBE-SST2,3
2013-07-01,29.9363308453,25.1417118387,4.7946190067,COBE-SST2,3
2013-08-01,29.8229682303,24.7862883835,5.0366798467,COBE-SST2,3
2013-09-01,30.0682413183,24.9489837871,5.1192575312,COBE-SST2,3
2013-10-01,30.1552001240,25.1338542891,5.0213458349,COBE-SST2,3
2013-11-01,30.1185858054,25.0422177542,5.0763680512,COBE-SST2,3
2013-12-01,30.1977211532,24.9639294636,5.2337916896,COBE-SST2,3
2014-01-01,29.8192739856,25.2490399629,4.5702340227,COBE-SST2,3
2014-02-01,29.6961407196,25.7885923088,3.9075484109,COBE-SST2,3
2014-03-01,29.7048791123,26.8560604670,2.8488186453,COBE-SST2,3
2014-04-01,29.6658465153,27.6928342779,1.9730122374,COBE-SST2,3
2014-05-01,30.0075281772,27.7352230020,2.2723051752,COBE-SST2,3
2014-06-01,30.1494798773,27.1934802952,2.9559995821,COBE-SST2,3
2014-07-01,29.7542390512,26.2636886824,3.4905503688,COBE-SST2,3
2014-08-01,29.7577371774,25.5012114285,4.2565257488,COBE-SST2,3
2014-09-01,30.0354584920,25.6898768080,4.3455816840,COBE-SST2,3
2014-10-01,30.2537633836,25.9210539170,4.3327094667,COBE-SST2,3
2014-11-01,30.3135150476,26.2637619308,4.0497531168,COBE-SST2,3
2014-12-01,30.3053891635,26.1992980911,4.1060910724,COBE-SST2,3
2015-01-01,30.0671694890,26.1314460817,3.9357234073,COBE-SST2,3
2015-02-01,29.7875104518,26.5824742650,3.2050361868,COBE-SST2,3
2015-03-01,29.6173001782,27.2813421199,2.3359580583,COBE-SST2,3
2015-04-01,30.0146764750,28.2160107643,1.7986657106,COBE-SST2,3
2015-05-01,29.8668665496,28.3496863505,1.5171801992,COBE-SST2,3
2015-06-01,29.8352260611,28.2834325698,1.5517934913,COBE-SST2,3
2015-07-01,29.4116651082,27.9200002151,1.4916648931,COBE-SST2,3
2015-08-01,28.8308189213,27.5889381137,1.2418808076,COBE-SST2,3
2015-09-01,29.1955960827,27.4878353177,1.7077607650,COBE-SST2,3
2015-10-01,29.2563670090,27.8280418558,1.4283251532,COBE-SST2,3
2015-11-01,29.9931514492,28.5926269024,1.4005245469,COBE-SST2,3
2015-12-01,29.8683771918,28.6556050900,1.2127721018,COBE-SST2,3
2016-01-01,29.5695027322,28.6761383997,0.8933643325,COBE-SST2,3
2016-02-01,29.4184152944,28.7002835177,0.7181317766,COBE-SST2,3
2016-03-01,29.6807851259,28.8167276036,0.8640575223,COBE-SST2,3
2016-04-01,29.7900372565,28.5700476329,1.2199896236,COBE-SST2,3
2016-05-01,30.0334012694,27.4692850449,2.5641162245,COBE-SST2,3
2016-06-01,30.2578104661,26.5383377926,3.7194726735,COBE-SST2,3
2016-07-01,30.1863733118,25.3808780584,4.8054952534,COBE-SST2,3
2016-08-01,30.1824328551,24.5914210224,5.5910118327,COBE-SST2,3
2016-09-01,30.3072590524,24.7054473473,5.6018117051,COBE-SST2,3
2016-10-01,30.2484556701,24.4438439959,5.8046116743,COBE-SST2,3
2016-11-01,30.1574166471,24.5570943814,5.6003222657,COBE-SST2,3
2016-12-01,30.1278164013,24.6056203678,5.5221960335,COBE-SST2,3
2017-01-01,30.0627372721,25.3512198212,4.7115174509,COBE-SST2,3
2017-02-01,29.8776876879,26.5584990121,3.3191886757,COBE-SST2,3
2017-03-01,29.8428453232,27.5289361784,2.3139091448,COBE-SST2,3
2017-04-01,29.7360705952,27.9428759779,1.7931946173,COBE-SST2,3
2017-05-01,30.0219611412,27.4675744165,2.5543867247,COBE-SST2,3
2017-06-01,30.0886858241,26.8631383916,3.2255474325,COBE-SST2,3
2017-07-01,29.8736513208,26.0817354307,3.7919158901,COBE-SST2,3
2017-08-01,29.9116120574,25.1936182069,4.7179938505,COBE-SST2,3
2017-09-01,29.9482067385,24.5375183046,5.4106884339,COBE-SST2,3
2017-10-01,29.8044636560,24.7023330030,5.1021306531,COBE-SST2,3
2017-11-01,30.2611132511,24.4014265017,5.8596867495,COBE-SST2,3
2017-12-01,29.9895460662,23.9211969946,6.0683490716,COBE-SST2,3
2018-01-01,29.9021388175,24.2697153030,5.6324235145,COBE-SST2,3
2018-02-01,29.7090403757,25.2683849037,4.4406554720,COBE-SST2,3
2018-03-01,29.7967640279,25.9650647662,3.8316992617,COBE-SST2,3
2018-04-01,29.7680993189,26.7342381933,3.0338611256,COBE-SST2,3
2018-05-01,29.9861916892,26.8069115729,3.1792801162,COBE-SST2,3
2018-06-01,30.0744328426,26.7290151047,3.3454177379,COBE-SST2,3
2018-07-01,29.9122934246,26.3115991360,3.6006942886,COBE-SST2,3
2018-08-01,29.9538318990,25.6064049878,4.3474269112,COBE-SST2,3
2018-09-01,29.8478243176,25.7176348381,4.1301894795,COBE-SST2,3
2018-10-01,30.1692979188,26.2125702381,3.9567276806,COBE-SST2,3
2018-11-01,30.1539657538,26.2932582936,3.8607074602,COBE-SST2,3
2018-12-01,29.8936868930,26.3593930324,3.5342938606,COBE-SST2,3
2019-01-01,29.6853645005,26.5527765400,3.1325879605,COBE-SST2,3
2019-02-01,29.4678539980,26.9898121624,2.4780418357,COBE-SST2,3
2019-03-01,29.5652495295,27.7696970070,1.7955525225,COBE-SST2,3
2019-04-01,29.6116551865,28.0227810573,1.5888741291,COBE-SST2,3
2019-05-01,29.8778997458,27.7840548839,2.0938448618,COBE-SST2,3
2019-06-01,29.9428590237,26.9732813505,2.9695776732,COBE-SST2,3
2019-07-01,29.9331400984,26.1917621614,3.7413779370,COBE-SST2,3
2019-08-01,29.8330348362,25.5565584092,4.2764764271,COBE-SST2,3
2019-09-01,29.9526034074,25.2931470300,4.6594563774,COBE-SST2,3
2019-10-01,30.5276574489,25.5556467006,4.9720107484,COBE-SST2,3
2019-11-01,30.2324283594,25.8099283139,4.4225000456,COBE-SST2,3
2019-12-01,30.1465425109,25.6731250921,4.4734174188,COBE-SST2,3
2020-01-01,30.1286795227,26.0545551917,4.0741243310,COBE-SST2,3
2020-02-01,29.9749674636,26.5602672278,3.4147002358,COBE-SST2,3
2020-03-01,30.1066915316,27.0230126116,3.0836789199,COBE-SST2,3
2020-04-01,30.1157802510,27.5879471687,2.5278330822,COBE-SST2,3
2020-05-01,30.1248760675,26.9622702738,3.1626057938,COBE-SST2,3
2020-06-01,30.2884843354,26.0089487096,4.2795356259,COBE-SST2,3
2020-07-01,30.0739445331,25.3240883106,4.7498562225,COBE-SST2,3
2020-08-01,29.8863399041,24.5824718238,5.3038680803,COBE-SST2,3
2020-09-01,29.7086627364,23.8763060060,5.8323567305,COBE-SST2,3
2020-10-01,29.7085766976,23.9469559344,5.7616207633,COBE-SST2,3
2020-11-01,29.7076216133,24.0249667625,5.6826548508,COBE-SST2,3
2020-12-01,29.7739536657,24.1992321839,5.5747214818,COBE-SST2,3
2021-01-01,29.4022858319,24.7664157027,4.6358701292,COBE-SST2,3
2021-02-01,29.3102723571,25.5887744608,3.7214978963,COBE-SST2,3
2021-03-01,29.5494247402,26.2537470719,3.2956776683,COBE-SST2,3
2021-04-01,29.7256832315,26.6755954950,3.0500877365,COBE-SST2,3
2021-05-01,29.8557796372,26.6188991273,3.2368805099,COBE-SST2,3
2021-06-01,29.8641586508,26.5658522054,3.2983064454,COBE-SST2,3
2021-07-01,29.6414930435,25.7720143200,3.8694787235,COBE-SST2,3
2021-08-01,29.9164785979,24.8427788352,5.0736997627,COBE-SST2,3
2021-09-01,29.8765438838,24.5024756269,5.3740682569,COBE-SST2,3
2021-10-01,29.9122176399,24.2949121698,5.6173054701,COBE-SST2,3
2021-11-01,29.9668037667,24.1772269449,5.7895768218,COBE-SST2,3
2021-12-01,29.6993208019,23.7320306015,5.9672902004,COBE-SST2,3
2022-01-01,29.8713783206,24.3890241394,5.4823541812,COBE-SST2,3
2022-02-01,29.8529446346,25.1272342690,4.7257103656,COBE-SST2,3
2022-03-01,29.6799787061,26.1864790633,3.4934996428,COBE-SST2,3
2022-04-01,29.5402681071,26.3035053959,3.2367627111,COBE-SST2,3
2022-05-01,29.7526947257,25.7834776349,3.9692170908,COBE-SST2,3
2022-06-01,29.7810407750,25.6663873443,4.1146534307,COBE-SST2,3
2022-07-01,29.2966630910,25.0792759409,4.2173871501,COBE-SST2,3
2022-08-01,29.3345784816,24.2518736123,5.0827048693,COBE-SST2,3
2022-09-01,29.3708455090,23.8902445398,5.4806009692,COBE-SST2,3
2022-10-01,29.3558878643,23.8780009155,5.4778869488,COBE-SST2,3
2022-11-01,29.6435259785,23.9597107687,5.6838152098,COBE-SST2,3
2022-12-01,29.6567955168,24.1017670225,5.5550284944,COBE-SST2,3
2023-01-01,29.7625028185,24.7654289309,4.9970738876,COBE-SST2,3
2023-02-01,29.4375285170,25.6412149402,3.7963135768,COBE-SST2,3
2023-03-01,29.7173694807,27.0964631117,2.6209063690,COBE-SST2,3
2023-04-01,29.9320625328,28.0340253574,1.8980371754,COBE-SST2,3
2023-05-01,30.1622100509,28.1567680145,2.0054420364,COBE-SST2,3
2023-06-01,30.1568102539,27.7623683701,2.3944418839,COBE-SST2,3
2023-07-01,30.0282920075,27.5806828413,2.4476091663,COBE-SST2,3
2023-08-01,29.8960958380,27.1366310999,2.7594647382,COBE-SST2,3
2023-09-01,30.1399272916,26.9599700670,3.1799572246,COBE-SST2,3
2023-10-01,30.2357622445,27.3521824959,2.8835797485,COBE-SST2,3
2023-11-01,29.9509385934,28.1966152908,1.7543233027,COBE-SST2,3
2023-12-01,29.9080316798,27.7240870860,2.1839445938,COBE-SST2,3
2024-01-01,30.1559171241,27.8281885448,2.3277285793,COBE-SST2,3
2024-02-01,30.0675237079,27.9226309305,2.1448927774,COBE-SST2,3
2024-03-01,30.3664911478,28.0786696414,2.2878215065,COBE-SST2,3
2024-04-01,30.3568228009,28.3292304586,2.0275923423,COBE-SST2,3
2024-05-01,30.4960673062,27.9824348803,2.5136324259,COBE-SST2,3
2024-06-01,30.5213551415,26.5888203774,3.9325347641,COBE-SST2,3
2024-07-01,30.3611956495,25.7456908776,4.6155047719,COBE-SST2,3
2024-08-01,30.2599770524,24.7694740915,5.4905029608,COBE-SST2,3
2024-09-01,30.3308995589,24.5407300564,5.7901695025,COBE-SST2,3
2024-10-01,30.4380508278,24.6186078510,5.8194429768,COBE-SST2,3
2024-11-01,30.4041329979,25.0149386033,5.3891943947,COBE-SST2,3
2024-12-01,29.8546401864,24.9335623474,4.9210778390,COBE-SST2,3
2025-01-01,30.0190775385,24.9724258908,5.0466516477,COBE-SST2,3
2025-02-01,29.7844858943,26.0171347469,3.7673511474,COBE-SST2,3
2025-03-01,29.7100488881,27.3604513810,2.3495975071,COBE-SST2,3
2025-04-01,29.4264952549,27.6423402396,1.7841550153,COBE-SST2,3
2025-05-01,29.8153912670,27.0880266847,2.7273645823,COBE-SST2,3
2025-06-01,29.9127060829,26.3552179605,3.5574881224,COBE-SST2,3
2025-07-01,30.0084588867,25.7325364618,4.2759224250,COBE-SST2,3
2025-08-01,30.0518007059,25.1180006484,4.9338000575,COBE-SST2,3
2025-09-01,29.8458012593,24.6802143780,5.1655868813,COBE-SST2,3
2025-10-01,29.8976669006,24.4848081492,5.4128587514,COBE-SST2,3
2025-11-01,29.8168062994,24.5005931185,5.3162131809,COBE-SST2,3
2025-12-01,29.9758154755,24.2543052442,5.7215102312,COBE-SST2,3
1950-01-01,28.9569419839,25.0851026538,3.8718393301,COBE-SST2,5
1950-02-01,29.0527230335,25.5499120876,3.5028109460,COBE-SST2,5
1950-03-01,29.1687817807,26.4669350684,2.7018467123,COBE-SST2,5
1950-04-01,29.1061921025,26.6791977708,2.4269943317,COBE-SST2,5
1950-05-01,29.1770149311,26.6261172224,2.5508977086,COBE-SST2,5
1950-06-01,29.1425447191,26.2381568829,2.9043878363,COBE-SST2,5
1950-07-01,29.2556206411,25.3751040415,3.8805165996,COBE-SST2,5
1950-08-01,29.1526290888,25.1937497143,3.9588793744,COBE-SST2,5
1950-09-01,29.1731728446,24.6117239649,4.5614488798,COBE-SST2,5
1950-10-01,29.3011429074,24.5076871010,4.7934558064,COBE-SST2,5
1950-11-01,29.2660455228,24.4696455861,4.7963999367,COBE-SST2,5
1950-12-01,29.4307311457,24.6403848091,4.7903463366,COBE-SST2,5
1951-01-01,29.1131404366,24.9579025395,4.1552378971,COBE-SST2,5
1951-02-01,28.9527747233,25.7831901452,3.1695845781,COBE-SST2,5
1951-03-01,28.9931703548,26.5315907333,2.4615796214,COBE-SST2,5
1951-04-01,28.9301685226,27.2566170854,1.6735514373,COBE-SST2,5
1951-05-01,29.2942419879,27.4510773186,1.8431646693,COBE-SST2,5
1951-06-01,29.2611093624,27.2307252430,2.0303841195,COBE-SST2,5
1951-07-01,29.0637292525,27.0135588645,2.0501703880,COBE-SST2,5
1951-08-01,29.0994725399,26.6389164510,2.4605560889,COBE-SST2,5
1951-09-01,29.1939276282,26.4698393159,2.7240883123,COBE-SST2,5
1951-10-01,29.2527837376,26.9457866432,2.3069970944,COBE-SST2,5
1951-11-01,29.5321928321,26.9185252481,2.6136675840,COBE-SST2,5
1951-12-01,29.2990824979,26.4050995328,2.8939829652,COBE-SST2,5
1952-01-01,29.0016210497,26.3083850222,2.6932360274,COBE-SST2,5
1952-02-01,28.9116451231,26.6807542665,2.2308908566,COBE-SST2,5
1952-03-01,29.0449621911,27.0478549567,1.9971072345,COBE-SST2,5
1952-04-01,29.0787444177,27.4890102361,1.5897341816,COBE-SST2,5
1952-05-01,29.2897523114,26.9911626392,2.2985896722,COBE-SST2,5
1952-06-01,29.1716146856,26.1137747750,3.0578399106,COBE-SST2,5
1952-07-01,28.8938036063,25.4692974138,3.4245061925,COBE-SST2,5
1952-08-01,28.7448842207,24.9595924992,3.7852917215,COBE-SST2,5
1952-09-01,29.1211010214,24.9919354523,4.1291655691,COBE-SST2,5
1952-10-01,29.2360399346,24.9202030481,4.3158368864,COBE-SST2,5
1952-11-01,29.3191309681,25.2217663530,4.0973646151,COBE-SST2,5
1952-12-01,29.2879487445,25.3752495696,3.9126991749,COBE-SST2,5
1953-01-01,28.9166625349,26.1669886613,2.7496738736,COBE-SST2,5
1953-02-01,28.8188872534,26.8406641958,1.9782230576,COBE-SST2,5
1953-03-01,28.7864736216,27.5153340999,1.2711395217,COBE-SST2,5
1953-04-01,28.8782871652,27.9005351585,0.9777520067,COBE-SST2,5
1953-05-01,29.0415475097,27.7316970064,1.3098505033,COBE-SST2,5
1953-06-01,29.0363694992,27.3307125435,1.7056569557,COBE-SST2,5
1953-07-01,28.9575081382,26.5567089531,2.4007991851,COBE-SST2,5
1953-08-01,28.8734986180,26.1054857773,2.7680128407,COBE-SST2,5
1953-09-01,29.0402628940,26.2478787926,2.7923841014,COBE-SST2,5
1953-10-01,29.1317209787,26.0175520687,3.1141689100,COBE-SST2,5
1953-11-01,29.1395422862,25.8413967545,3.2981455317,COBE-SST2,5
1953-12-01,28.9897526250,25.5956302389,3.3941223861,COBE-SST2,5
1954-01-01,28.8649944586,25.4782228578,3.3867716008,COBE-SST2,5
1954-02-01,28.6831932166,26.2320117968,2.4511814199,COBE-SST2,5
1954-03-01,28.6901434639,26.7474962259,1.9426472381,COBE-SST2,5
1954-04-01,29.0125339842,26.7293127824,2.2832212018,COBE-SST2,5
1954-05-01,29.1506495263,26.3005051787,2.8501443476,COBE-SST2,5
1954-06-01,29.0594365285,25.7543957889,3.3050407397,COBE-SST2,5
1954-07-01,28.8906172270,25.0140856399,3.8765315871,COBE-SST2,5
1954-08-01,28.9145668204,24.7773620010,4.1372048194,COBE-SST2,5
1954-09-01,28.8702213565,24.5822863158,4.2879350407,COBE-SST2,5
1954-10-01,28.9983862751,24.3338997032,4.6644865719,COBE-SST2,5
1954-11-01,28.9562000300,24.5976241380,4.3585758920,COBE-SST2,5
1954-12-01,28.8008440205,24.4526630144,4.3481810060,COBE-SST2,5
1955-01-01,28.7968251506,24.9111241945,3.8857009561,COBE-SST2,5
1955-02-01,28.4885925471,25.5940708013,2.8945217458,COBE-SST2,5
1955-03-01,28.5725785922,26.3794710384,2.1931075539,COBE-SST2,5
1955-04-01,28.4114739012,26.7029748753,1.7084990259,COBE-SST2,5
1955-05-01,28.7280924678,26.2623694807,2.4657229871,COBE-SST2,5
1955-06-01,28.9359908433,25.4274035492,3.5085872940,COBE-SST2,5
1955-07-01,29.1012396942,25.0014067797,4.0998329145,COBE-SST2,5
1955-08-01,29.0712609030,24.6372453937,4.4340155092,COBE-SST2,5
1955-09-01,29.3352461326,24.3623536431,4.9728924895,COBE-SST2,5
1955-10-01,29.3496060480,24.0622973095,5.2873087386,COBE-SST2,5
1955-11-01,29.5878733925,24.0398778677,5.5479955248,COBE-SST2,5
1955-12-01,29.2929218355,23.9914682452,5.3014535904,COBE-SST2,5
1956-01-01,28.9719045170,24.6351749530,4.3367295640,COBE-SST2,5
1956-02-01,28.8627070489,25.4951688511,3.3675381977,COBE-SST2,5
1956-03-01,28.8037902451,26.6074118287,2.1963784163,COBE-SST2,5
1956-04-01,28.8823374501,27.0075403724,1.8747970777,COBE-SST2,5
1956-05-01,29.1101856385,26.3159641661,2.7942214723,COBE-SST2,5
1956-06-01,28.9897974209,25.8748980909,3.1148993300,COBE-SST2,5
1956-07-01,28.9595177902,25.2435524964,3.7159652938,COBE-SST2,5
1956-08-01,28.8769057245,25.0494620977,3.8274436268,COBE-SST2,5
1956-09-01,28.8937012249,24.7593759232,4.1343253017,COBE-SST2,5
1956-10-01,29.0999759506,24.8715975028,4.2283784478,COBE-SST2,5
1956-11-01,29.2910722075,25.3074052273,3.9836669802,COBE-SST2,5
1956-12-01,29.2666990013,25.3470644207,3.9196345806,COBE-SST2,5
1957-01-01,29.1504488634,25.7101053434,3.4403435200,COBE-SST2,5
1957-02-01,28.8739781543,26.4988007877,2.3751773665,COBE-SST2,5
1957-03-01,28.8929456057,27.4716304602,1.4213151455,COBE-SST2,5
1957-04-01,28.9413007052,28.0758133537,0.8654873515,COBE-SST2,5
1957-05-01,29.1991639747,28.3205646251,0.8785993496,COBE-SST2,5
1957-06-01,29.1307788670,28.0196298183,1.1111490487,COBE-SST2,5
1957-07-01,28.8725081407,27.2314765127,1.6410316280,COBE-SST2,5
1957-08-01,28.7926995321,26.5353486158,2.2573509163,COBE-SST2,5
1957-09-01,28.9073361078,26.4255726192,2.4817634886,COBE-SST2,5
1957-10-01,29.2036204947,26.4285602511,2.7750602436,COBE-SST2,5
1957-11-01,29.1754588969,26.9600810027,2.2153778943,COBE-SST2,5
1957-12-01,29.0543844834,27.1356150361,1.9187694473,COBE-SST2,5
1958-01-01,29.0208627915,27.6049134033,1.4159493881,COBE-SST2,5
1958-02-01,29.1018857489,27.8431504799,1.2587352691,COBE-SST2,5
1958-03-01,29.0940381042,27.9215839578,1.1724541464,COBE-SST2,5
1958-04-01,29.1137862710,27.9951555257,1.1186307453,COBE-SST2,5
1958-05-01,29.2546262544,27.7803462287,1.4742800257,COBE-SST2,5
1958-06-01,29.0774177530,27.2530008761,1.8244168769,COBE-SST2,5
1958-07-01,28.9010159136,26.5337698257,2.3672460879,COBE-SST2,5
1958-08-01,28.8058099907,25.8312720245,2.9745379662,COBE-SST2,5
1958-09-01,29.0240158549,25.6850567022,3.3389591526,COBE-SST2,5
1958-10-01,29.1135841291,25.7847812238,3.3288029053,COBE-SST2,5
1958-11-01,29.1567433234,25.6956193389,3.4611239845,COBE-SST2,5
1958-12-01,29.1594553134,25.7096578896,3.4497974238,COBE-SST2,5
1959-01-01,28.9740575531,26.3760052308,2.5980523222,COBE-SST2,5
1959-02-01,28.7802004352,26.8679762997,1.9122241354,COBE-SST2,5
1959-03-01,28.7137767815,27.4742336673,1.2395431142,COBE-SST2,5
1959-04-01,28.9269078997,27.8931440511,1.0337638486,COBE-SST2,5
1959-05-01,29.2742875722,27.5279922248,1.7462953474,COBE-SST2,5
1959-06-01,28.9738168706,26.7023892576,2.2714276131,COBE-SST2,5
1959-07-01,28.9793135555,25.7717088111,3.2076047444,COBE-SST2,5
1959-08-01,28.7102315426,24.9758313402,3.7344002024,COBE-SST2,5
1959-09-01,28.9143255435,25.3955711091,3.5187544344,COBE-SST2,5
1959-10-01,29.0045800303,25.9475912190,3.0569888113,COBE-SST2,5
1959-11-01,29.2546012544,25.6918335234,3.5627677310,COBE-SST2,5
1959-12-01,29.0714332275,25.5090719885,3.5623612391,COBE-SST2,5
1960-01-01,28.8210378058,25.9310077863,2.8900300194,COBE-SST2,5
1960-02-01,28.6745827617,26.2922286789,2.3823540828,COBE-SST2,5
1960-03-01,28.8308294964,27.0433002270,1.7875292694,COBE-SST2,5
1960-04-01,28.7975108254,27.3595836291,1.4379271962,COBE-SST2,5
1960-05-01,29.1388325731,26.8758513650,2.2629812082,COBE-SST2,5
1960-06-01,29.0215731447,26.1787869247,2.8427862200,COBE-SST2,5
1960-07-01,28.9606174526,25.6705806753,3.2900367773,COBE-SST2,5
1960-08-01,28.7487204480,25.1841430317,3.5645774162,COBE-SST2,5
1960-09-01,28.9024915610,25.3848988227,3.5175927383,COBE-SST2,5
1960-10-01,29.1112990904,25.2175350867,3.8937640036,COBE-SST2,5
1960-11-01,29.4083148648,24.9038817818,4.5044330831,COBE-SST2,5
1960-12-01,29.1029765762,25.4653128465,3.6376637297,COBE-SST2,5
1961-01-01,28.9570867082,25.7318725640,3.2252141442,COBE-SST2,5
1961-02-01,28.9782518742,26.5829114428,2.3953404314,COBE-SST2,5
1961-03-01,28.8558965598,26.8660138893,1.9898826704,COBE-SST2,5
1961-04-01,28.9838504309,27.2703105643,1.7135398666,COBE-SST2,5
1961-05-01,28.9729627633,27.1277675508,1.8451952124,COBE-SST2,5
1961-06-01,29.0536781545,26.5774937472,2.4761844073,COBE-SST2,5
1961-07-01,28.7935125209,25.4819952245,3.3115172964,COBE-SST2,5
1961-08-01,28.7312617354,24.9673471196,3.7639146159,COBE-SST2,5
1961-09-01,28.8665962147,24.6218647926,4.2447314222,COBE-SST2,5
1961-10-01,28.8967937270,24.8651033399,4.0316903871,COBE-SST2,5
1961-11-01,29.0091808935,24.8860783808,4.1231025127,COBE-SST2,5
1961-12-01,29.1789003616,24.9554140617,4.2234863000,COBE-SST2,5
1962-01-01,29.2429388146,25.2795127780,3.9634260366,COBE-SST2,5
1962-02-01,29.0726134802,26.0736904844,2.9989229958,COBE-SST2,5
1962-03-01,29.0424103514,26.4478763642,2.5945339872,COBE-SST2,5
1962-04-01,29.0908110849,26.8070240967,2.2837869882,COBE-SST2,5
1962-05-01,29.0258646052,26.5155799500,2.5102846552,COBE-SST2,5
1962-06-01,29.1080415043,26.1864661640,2.9215753404,COBE-SST2,5
1962-07-01,29.1449326407,25.6138916560,3.5310409847,COBE-SST2,5
1962-08-01,29.0993755477,25.3116491987,3.7877263490,COBE-SST2,5
1962-09-01,29.3894676789,24.7308519681,4.6586157108,COBE-SST2,5
1962-10-01,29.4281668133,25.0208370413,4.4073297720,COBE-SST2,5
1962-11-01,29.4385096020,25.1113910945,4.3271185075,COBE-SST2,5
1962-12-01,29.2442034422,24.9313339044,4.3128695378,COBE-SST2,5
1963-01-01,29.2498500170,25.3705758260,3.8792741910,COBE-SST2,5
1963-02-01,29.2920503122,25.9112629623,3.3807873499,COBE-SST2,5
1963-03-01,29.3297299739,26.7963822024,2.5333477715,COBE-SST2,5
1963-04-01,29.3476608550,27.2754225249,2.0722383301,COBE-SST2,5
1963-05-01,29.3981750741,27.2170362610,2.1811388131,COBE-SST2,5
1963-06-01,29.3080150695,26.8172629096,2.4907521600,COBE-SST2,5
1963-07-01,29.1731108886,26.7175354151,2.4555754735,COBE-SST2,5
1963-08-01,29.1426669015,26.3509496873,2.7917172142,COBE-SST2,5
1963-09-01,29.3591438298,26.0491569025,3.3099869273,COBE-SST2,5
1963-10-01,29.3036751456,26.3479270795,2.9557480661,COBE-SST2,5
1963-11-01,29.4817796444,26.4037261510,3.0780534934,COBE-SST2,5
1963-12-01,29.2247502438,26.6803364182,2.5444138256,COBE-SST2,5
1964-01-01,29.1680452081,26.6999417896,2.4681034186,COBE-SST2,5
1964-02-01,29.1659566067,26.7770541940,2.3889024127,COBE-SST2,5
1964-03-01,29.1313409535,26.8727612698,2.2585796837,COBE-SST2,5
1964-04-01,29.2858026143,26.8858051666,2.3999974477,COBE-SST2,5
1964-05-01,29.3707685944,26.2131770979,3.1575914965,COBE-SST2,5
1964-06-01,29.0982554555,25.6877035498,3.4105519057,COBE-SST2,5
1964-07-01,29.1650285879,25.0841486057,4.0808799822,COBE-SST2,5
1964-08-01,28.9532473998,24.4144719456,4.5387754542,COBE-SST2,5
1964-09-01,28.8801117384,24.4326997552,4.4474119832,COBE-SST2,5
1964-10-01,29.0571415839,24.3661862533,4.6909553306,COBE-SST2,5
1964-11-01,29.0253443010,24.4933899831,4.5319543179,COBE-SST2,5
1964-12-01,28.8441582107,24.4150673179,4.4290908928,COBE-SST2,5
1965-01-01,28.8480918182,25.0389976319,3.8090941862,COBE-SST2,5
1965-02-01,28.7242431521,26.0453562313,2.6788869208,COBE-SST2,5
1965-03-01,28.7909549829,26.9485415037,1.8424134792,COBE-SST2,5
1965-04-01,28.7096310352,27.6292164141,1.0804146212,COBE-SST2,5
1965-05-01,28.9677425279,27.7855681219,1.1821744060,COBE-SST2,5
1965-06-01,28.8820238888,27.4176883736,1.4643355151,COBE-SST2,5
1965-07-01,28.4977554159,27.0078507127,1.4899047032,COBE-SST2,5
1965-08-01,28.2709408577,26.6789348884,1.5920059692,COBE-SST2,5
1965-09-01,28.4428151430,26.5134789572,1.9293361858,COBE-SST2,5
1965-10-01,28.6585242583,26.9298113910,1.7287128672,COBE-SST2,5
1965-11-01,28.8756935443,27.2189220585,1.6567714858,COBE-SST2,5
1965-12-01,28.9822183366,27.0655476873,1.9166706494,COBE-SST2,5
1966-01-01,28.8684130702,27.1325820074,1.7358310628,COBE-SST2,5
1966-02-01,28.6866798600,27.1956119048,1.4910679553,COBE-SST2,5
1966-03-01,28.8447313619,27.3895060186,1.4552253433,COBE-SST2,5
1966-04-01,29.0620660903,27.5096462983,1.5524197920,COBE-SST2,5
1966-05-01,29.1199406676,26.9349062118,2.1850344558,COBE-SST2,5
1966-06-01,29.2086891610,26.6140922710,2.5945968899,COBE-SST2,5
1966-07-01,29.0505123852,26.1923235711,2.8581888141,COBE-SST2,5
1966-08-01,28.8565271042,25.4112444657,3.4452826384,COBE-SST2,5
1966-09-01,29.1765277444,25.2282168359,3.9483109084,COBE-SST2,5
1966-10-01,29.2848540250,25.2539718198,4.0308822052,COBE-SST2,5
1966-11-01,29.3856996053,25.4322915379,3.9534080674,COBE-SST2,5
1966-12-01,29.3173377962,25.2930912496,4.0242465466,COBE-SST2,5
1967-01-01,28.9065537043,25.5204799167,3.3860737876,COBE-SST2,5
1967-02-01,28.8877830330,26.0562463639,2.8315366691,COBE-SST2,5
1967-03-01,29.0236836266,26.6011626742,2.4225209524,COBE-SST2,5
1967-04-01,29.1697434815,27.0458749979,2.1238684835,COBE-SST2,5
1967-05-01,29.3662578736,26.9091131032,2.4571447704,COBE-SST2,5
1967-06-01,29.2928696967,26.4884729296,2.8043967671,COBE-SST2,5
1967-07-01,29.1415707300,25.7743957321,3.3671749978,COBE-SST2,5
1967-08-01,29.0266930341,24.9337722720,4.0929207621,COBE-SST2,5
1967-09-01,29.4406417067,24.5974102584,4.8432314482,COBE-SST2,5
1967-10-01,29.3361660743,24.8626617781,4.4735042962,COBE-SST2,5
1967-11-01,29.1169406732,24.7096169056,4.4073237676,COBE-SST2,5
1967-12-01,29.0433154728,24.8520749277,4.1912405451,COBE-SST2,5
1968-01-01,29.1057485669,24.9644447909,4.1413037761,COBE-SST2,5
1968-02-01,29.0134415274,25.6663786147,3.3470629126,COBE-SST2,5
1968-03-01,29.0740385463,26.1619732013,2.9120653450,COBE-SST2,5
1968-04-01,29.0198179384,26.7014095238,2.3184084147,COBE-SST2,5
1968-05-01,29.1042063293,26.5475389889,2.5566673404,COBE-SST2,5
1968-06-01,29.3903969605,26.6872450815,2.7031518790,COBE-SST2,5
1968-07-01,29.2733970662,26.2096696069,3.0637274593,COBE-SST2,5
1968-08-01,29.2125826646,25.8257812629,3.3868014017,COBE-SST2,5
1968-09-01,29.3896239516,25.6897883434,3.6998356082,COBE-SST2,5
1968-10-01,29.7853149222,25.9028502210,3.8824647012,COBE-SST2,5
1968-11-01,29.5269079375,25.8846844744,3.6422234631,COBE-SST2,5
1968-12-01,29.5360553952,26.0755048337,3.4605505615,COBE-SST2,5
1969-01-01,29.2720861466,26.6312795418,2.6408066048,COBE-SST2,5
1969-02-01,28.9912111694,27.2338676008,1.7573435685,COBE-SST2,5
1969-03-01,29.1419083489,27.7456268090,1.3962815399,COBE-SST2,5
1969-04-01,29.3471882067,28.0034001773,1.3437880294,COBE-SST2,5
1969-05-01,29.5057195036,27.8821362407,1.6235832629,COBE-SST2,5
1969-06-01,29.5066288643,27.3872312440,2.1193976203,COBE-SST2,5
1969-07-01,29.3474567431,26.4824035061,2.8650532370,COBE-SST2,5
1969-08-01,29.1690338131,26.2461216365,2.9229121766,COBE-SST2,5
1969-09-01,29.6323967317,26.0751209680,3.5572757638,COBE-SST2,5
1969-10-01,29.6824420241,26.1280658079,3.5543762162,COBE-SST2,5
1969-11-01,29.6045246275,26.4812412623,3.1232833652,COBE-SST2,5
1969-12-01,29.2029583404,26.6806235464,2.5223347940,COBE-SST2,5
1970-01-01,29.0908673138,26.8459206566,2.2449466571,COBE-SST2,5
1970-02-01,29.2394006723,26.9107512425,2.3286494297,COBE-SST2,5
1970-03-01,29.1549020590,27.2096810865,1.9452209726,COBE-SST2,5
1970-04-01,29.0284579614,27.5540677849,1.4743901765,COBE-SST2,5
1970-05-01,29.2629413080,26.8712976697,2.3916436383,COBE-SST2,5
1970-06-01,29.2068689267,25.8494088675,3.3574600592,COBE-SST2,5
1970-07-01,29.2256987991,24.8180201451,4.4076786540,COBE-SST2,5
1970-08-01,29.0309594699,24.2848221271,4.7461373428,COBE-SST2,5
1970-09-01,29.1858666037,24.3964123001,4.7894543036,COBE-SST2,5
1970-10-01,29.1880139085,24.4124213337,4.7755925748,COBE-SST2,5
1970-11-01,29.2506018639,24.2178938012,5.0327080628,COBE-SST2,5
1970-12-01,29.0552832396,23.9800719087,5.0752113309,COBE-SST2,5
1971-01-01,28.9884207961,24.2385505851,4.7498702110,COBE-SST2,5
1971-02-01,28.9342045145,24.9896741885,3.9445303261,COBE-SST2,5
1971-03-01,28.9354792497,25.9083083676,3.0271708821,COBE-SST2,5
1971-04-01,28.8909789814,26.6544304986,2.2365484828,COBE-SST2,5
1971-05-01,28.8927416900,26.3191268284,2.5736148616,COBE-SST2,5
1971-06-01,28.8356062547,25.8083328613,3.0272733934,COBE-SST2,5
1971-07-01,28.7753149616,25.4977788757,3.2775360859,COBE-SST2,5
1971-08-01,28.7024907065,24.8620415584,3.8404491481,COBE-SST2,5
1971-09-01,28.7508554022,24.5812027378,4.1696526644,COBE-SST2,5
1971-10-01,28.8442912468,24.3654940324,4.4787972143,COBE-SST2,5
1971-11-01,29.0211191558,24.4960708589,4.5250482969,COBE-SST2,5
1971-12-01,29.0008230457,24.5667906519,4.4340323938,COBE-SST2,5
1972-01-01,28.8360580603,25.1682970751,3.6677609852,COBE-SST2,5
1972-02-01,28.7796550148,26.2135717805,2.5660832343,COBE-SST2,5
1972-03-01,29.0042879496,26.9529266071,2.0513613425,COBE-SST2,5
1972-04-01,29.1036512430,27.6686060354,1.4350452076,COBE-SST2,5
1972-05-01,29.0524894779,27.5480956648,1.5043938130,COBE-SST2,5
1972-06-01,28.8718764538,27.4477863495,1.4240901042,COBE-SST2,5
1972-07-01,28.8380175893,27.1594859250,1.6785316643,COBE-SST2,5
1972-08-01,28.5056987043,27.1621936912,1.3435050132,COBE-SST2,5
1972-09-01,28.5793933809,27.0330008637,1.5463925173,COBE-SST2,5
1972-10-01,28.8669588359,27.3956560206,1.4713028153,COBE-SST2,5
1972-11-01,29.1490896119,27.5962347916,1.5528548203,COBE-SST2,5
1972-12-01,28.9255186820,27.8001969665,1.1253217155,COBE-SST2,5
1973-01-01,28.8150450722,27.5949243685,1.2201207037,COBE-SST2,5
1973-02-01,28.7584374969,27.3379985148,1.4204389822,COBE-SST2,5
1973-03-01,28.9509068155,27.4221964431,1.5287103724,COBE-SST2,5
1973-04-01,29.0730549318,27.3548579435,1.7181969882,COBE-SST2,5
1973-05-01,29.0497840417,26.7148203849,2.3349636568,COBE-SST2,5
1973-06-01,29.1394147629,25.8080843811,3.3313303818,COBE-SST2,5
1973-07-01,29.1042341889,25.0001104620,4.1041237269,COBE-SST2,5
1973-08-01,29.0811581817,24.3304002688,4.7507579129,COBE-SST2,5
1973-09-01,29.1419644771,24.1417965752,5.0001679019,COBE-SST2,5
1973-10-01,29.0406946135,24.1855405916,4.8551540219,COBE-SST2,5
1973-11-01,28.8578152936,24.0007172781,4.8570980155,COBE-SST2,5
1973-12-01,29.1211728231,23.7420857072,5.3790871159,COBE-SST2,5
1974-01-01,28.9619217891,24.0182645885,4.9436572006,COBE-SST2,5
1974-02-01,28.9606568530,24.9940422920,3.9666145610,COBE-SST2,5
1974-03-01,29.0603554423,26.0647135790,2.9956418632,COBE-SST2,5
1974-04-01,28.9804010789,26.8243295780,2.1560715009,COBE-SST2,5
1974-05-01,28.9852800612,26.6301430877,2.3551369735,COBE-SST2,5
1974-06-01,28.9510032876,26.2872420098,2.6637612778,COBE-SST2,5
1974-07-01,28.9304270314,25.6053196845,3.3251073469,COBE-SST2,5
1974-08-01,28.9583558456,25.2989451998,3.6594106458,COBE-SST2,5
1974-09-01,29.0108294282,25.1569839805,3.8538454477,COBE-SST2,5
1974-10-01,29.0910577071,24.7013755562,4.3896821509,COBE-SST2,5
1974-11-01,29.0295028764,24.9675368188,4.0619660576,COBE-SST2,5
1974-12-01,28.9187538170,24.8078727518,4.1108810652,COBE-SST2,5
1975-01-01,28.6194180274,25.2971601950,3.3222578324,COBE-SST2,5
1975-02-01,28.5883997151,25.8948280917,2.6935716235,COBE-SST2,5
1975-03-01,28.6842794801,26.5776686279,2.1066108522,COBE-SST2,5
1975-04-01,28.7993059141,26.9240992544,1.8752066597,COBE-SST2,5
1975-05-01,28.9185604283,26.4189213146,2.4996391138,COBE-SST2,5
1975-06-01,28.9488423982,25.6463995681,3.3024428301,COBE-SST2,5
1975-07-01,28.8881713422,25.0210572983,3.8671140438,COBE-SST2,5
1975-08-01,28.8221641788,24.4810091381,4.3411550407,COBE-SST2,5
1975-09-01,28.7236285966,24.0926407194,4.6309878772,COBE-SST2,5
1975-10-01,28.5405462123,24.1218356938,4.4187105185,COBE-SST2,5
1975-11-01,28.6968927973,24.0627186821,4.6341741153,COBE-SST2,5
1975-12-01,28.8116268778,23.9802090107,4.8314178671,COBE-SST2,5
1976-01-01,28.8935483406,24.2223069056,4.6712414349,COBE-SST2,5
1976-02-01,28.5718198880,25.4652559852,3.1065639027,COBE-SST2,5
1976-03-01,28.6828178806,26.3771488742,2.3056690064,COBE-SST2,5
1976-04-01,28.7878321691,26.8812128127,1.9066193565,COBE-SST2,5
1976-05-01,28.8515774171,26.9866386376,1.8649387795,COBE-SST2,5
1976-06-01,28.9264315657,27.0030096740,1.9234218916,COBE-SST2,5
1976-07-01,28.8296035748,26.5658188565,2.2637847183,COBE-SST2,5
1976-08-01,28.5763334480,26.1443130434,2.4320204046,COBE-SST2,5
1976-09-01,28.6032420118,26.4068875843,2.1963544275,COBE-SST2,5
1976-10-01,29.1255188731,26.1955033519,2.9300155212,COBE-SST2,5
1976-11-01,29.4199021598,26.2610525139,3.1588496459,COBE-SST2,5
1976-12-01,29.1549122088,26.2010654697,2.9538467392,COBE-SST2,5
1977-01-01,28.8713010629,26.7393524554,2.1319486075,COBE-SST2,5
1977-02-01,29.0059962046,26.9245260227,2.0814701819,COBE-SST2,5
1977-03-01,29.0447178617,27.2019180914,1.8427997702,COBE-SST2,5
1977-04-01,29.2217720625,27.1879768707,2.0337951918,COBE-SST2,5
1977-05-01,29.3948710678,27.1643463999,2.2305246679,COBE-SST2,5
1977-06-01,29.1565155591,26.7580283155,2.3984872436,COBE-SST2,5
1977-07-01,29.0991811905,26.0537940897,3.0453871009,COBE-SST2,5
1977-08-01,28.9148795733,25.4108017971,3.5040777763,COBE-SST2,5
1977-09-01,28.9418676445,25.5354946917,3.4063729528,COBE-SST2,5
1977-10-01,29.1441598271,25.9353071621,3.2088526650,COBE-SST2,5
1977-11-01,29.0850754605,26.1822356616,2.9028397990,COBE-SST2,5
1977-12-01,29.0901582028,26.3262067869,2.7639514159,COBE-SST2,5
1978-01-01,28.8121104293,26.2882822450,2.5238281843,COBE-SST2,5
1978-02-01,28.4678477362,26.7417242413,1.7261234949,COBE-SST2,5
1978-03-01,28.8753558773,27.0757283522,1.7996275251,COBE-SST2,5
1978-04-01,29.0088272302,26.9943035886,2.0145236416,COBE-SST2,5
1978-05-01,29.4072912013,26.6517289322,2.7555622692,COBE-SST2,5
1978-06-01,29.4403658112,26.0339039748,3.4064618364,COBE-SST2,5
1978-07-01,29.2489543722,25.3411086304,3.9078457417,COBE-SST2,5
1978-08-01,29.2091530748,25.0039539340,4.2051991408,COBE-SST2,5
1978-09-01,29.3755379667,24.9963717659,4.3791662008,COBE-SST2,5
1978-10-01,29.2522147751,25.1434977265,4.1087170486,COBE-SST2,5
1978-11-01,29.4019187393,25.4363336525,3.9655850868,COBE-SST2,5
1978-12-01,29.4435481356,25.5366416732,3.9069064625,COBE-SST2,5
1979-01-01,29.3685100440,25.9710203157,3.3974897283,COBE-SST2,5
1979-02-01,29.1245589804,26.5137427875,2.6108161929,COBE-SST2,5
1979-03-01,29.1732449317,27.2946638433,1.8785810884,COBE-SST2,5
1979-04-01,29.1760411812,27.8264922552,1.3495489260,COBE-SST2,5
1979-05-01,29.3462796264,27.5053278490,1.8409517774,COBE-SST2,5
1979-06-01,29.4173722963,26.8773915073,2.5399807890,COBE-SST2,5
1979-07-01,29.2695912162,26.0245407290,3.2450504872,COBE-SST2,5
1979-08-01,29.0478040673,25.6439036242,3.4039004432,COBE-SST2,5
1979-09-01,29.1476968620,25.8032354168,3.3444614452,COBE-SST2,5
1979-10-01,29.4254908163,25.9613267736,3.4641640427,COBE-SST2,5
1979-11-01,29.5990350841,26.0675406335,3.5314944506,COBE-SST2,5
1979-12-01,29.2497911761,26.1736712472,3.0761199288,COBE-SST2,5
1980-01-01,29.1934946060,26.4372416989,2.7562529072,COBE-SST2,5
1980-02-01,29.1432983275,26.6922782557,2.4510200718,COBE-SST2,5
1980-03-01,29.1709127330,27.0757252191,2.0951875139,COBE-SST2,5
1980-04-01,29.2873773105,27.5969652054,1.6904121051,COBE-SST2,5
1980-05-01,29.5092434149,27.4274549795,2.0817884355,COBE-SST2,5
1980-06-01,29.2165703201,26.9602646826,2.2563056375,COBE-SST2,5
1980-07-01,29.0221965436,26.0900244598,2.9321720837,COBE-SST2,5
1980-08-01,28.9046557692,25.3997458020,3.5049099672,COBE-SST2,5
1980-09-01,29.0837162903,25.3739603890,3.7097559013,COBE-SST2,5
1980-10-01,29.3692070213,25.2648839290,4.1043230923,COBE-SST2,5
1980-11-01,29.4124001323,25.5256770914,3.8867230409,COBE-SST2,5
1980-12-01,29.2166491135,25.6067879736,3.6098611399,COBE-SST2,5
1981-01-01,29.1386171061,25.5367471071,3.6018699990,COBE-SST2,5
1981-02-01,28.9519642811,25.7845179265,3.1674463546,COBE-SST2,5
1981-03-01,28.9770718156,26.5970848925,2.3799869231,COBE-SST2,5
1981-04-01,29.1805514548,27.1731001514,2.0074513034,COBE-SST2,5
1981-05-01,29.4712160536,26.9895272866,2.4816887669,COBE-SST2,5
1981-06-01,29.4446294431,26.4386205025,3.0060089406,COBE-SST2,5
1981-07-01,29.4408486675,25.6475917411,3.7932569264,COBE-SST2,5
1981-08-01,29.2218408534,25.0180987080,4.2037421454,COBE-SST2,5
1981-09-01,29.4837649870,25.1434126306,4.3403523563,COBE-SST2,5
1981-10-01,29.4917108750,25.2510475565,4.2406633185,COBE-SST2,5
1981-11-01,29.8164074287,25.2514526987,4.5649547300,COBE-SST2,5
1981-12-01,29.4900903257,25.4017155966,4.0883747291,COBE-SST2,5
1982-01-01,29.2963909263,25.8750175596,3.4213733667,COBE-SST2,5
1982-02-01,29.3352237015,26.4597043008,2.8755194007,COBE-SST2,5
1982-03-01,29.3056359641,26.9814371661,2.3241987980,COBE-SST2,5
1982-04-01,29.3484173748,27.5418692067,1.8065481682,COBE-SST2,5
1982-05-01,29.4868903281,27.6838346026,1.8030557255,COBE-SST2,5
1982-06-01,29.4093846138,27.4061509962,2.0032336176,COBE-SST2,5
1982-07-01,28.8365805006,26.7119078500,2.1246726506,COBE-SST2,5
1982-08-01,28.5821152175,26.5820372625,2.0000779550,COBE-SST2,5
1982-09-01,28.7559201713,26.7924977610,1.9634224102,COBE-SST2,5
1982-10-01,29.0006268768,27.2471341890,1.7534926879,COBE-SST2,5
1982-11-01,29.1527781925,27.8981721854,1.2546060071,COBE-SST2,5
1982-12-01,29.0448996656,28.2110732096,0.8338264559,COBE-SST2,5
1983-01-01,28.7758858655,28.3963095987,0.3795762668,COBE-SST2,5
1983-02-01,28.5491750653,28.6609104284,-0.1117353631,COBE-SST2,5
1983-03-01,28.6017410216,28.6490713472,-0.0473303256,COBE-SST2,5
1983-04-01,28.7394287619,28.8434247861,-0.1039960242,COBE-SST2,5
1983-05-01,29.0750668027,28.7268313668,0.3482354360,COBE-SST2,5
1983-06-01,29.2296383287,28.0210941464,1.2085441823,COBE-SST2,5
1983-07-01,28.9823252998,27.1720287556,1.8102965442,COBE-SST2,5
1983-08-01,28.9067606710,26.4871030838,2.4196575872,COBE-SST2,5
1983-09-01,28.9518376597,25.4992989670,3.4525386928,COBE-SST2,5
1983-10-01,29.0745911306,25.0361640493,4.0384270813,COBE-SST2,5
1983-11-01,29.0124488267,24.9932764826,4.0191723441,COBE-SST2,5
1983-12-01,29.2153359362,25.0855627076,4.1297732285,COBE-SST2,5
1984-01-01,29.3564367165,25.4560600901,3.9003766264,COBE-SST2,5
1984-02-01,29.1208824193,26.0837783463,3.0371040730,COBE-SST2,5
1984-03-01,28.8825845633,26.8000986673,2.0824858960,COBE-SST2,5
1984-04-01,28.9407680517,27.1974216984,1.7433463533,COBE-SST2,5
1984-05-01,28.9307886026,26.6883172775,2.2424713252,COBE-SST2,5
1984-06-01,28.9808031530,26.0741968626,2.9066062904,COBE-SST2,5
1984-07-01,29.0715347293,25.5541366474,3.5173980820,COBE-SST2,5
1984-08-01,29.0158972589,25.1512083852,3.8646888736,COBE-SST2,5
1984-09-01,29.3199743594,24.8626889989,4.4572853605,COBE-SST2,5
1984-10-01,29.3182549597,24.8533296618,4.4649252980,COBE-SST2,5
1984-11-01,29.1903851990,24.9341637886,4.2562214104,COBE-SST2,5
1984-12-01,29.0464814479,24.6618667001,4.3846147478,COBE-SST2,5
1985-01-01,28.8285978780,24.9379064303,3.8906914478,COBE-SST2,5
1985-02-01,28.9155891763,25.5479544353,3.3676347411,COBE-SST2,5
1985-03-01,28.7394235326,26.2609678694,2.4784556632,COBE-SST2,5
1985-04-01,28.9898808166,26.6916328615,2.2982479551,COBE-SST2,5
1985-05-01,29.1563042200,26.4956843552,2.6606198648,COBE-SST2,5
1985-06-01,29.2438602537,25.9783537824,3.2655064714,COBE-SST2,5
1985-07-01,29.2175554292,25.4600556158,3.7574998134,COBE-SST2,5
1985-08-01,29.1663030676,25.1277926366,4.0385104310,COBE-SST2,5
1985-09-01,29.3947795695,24.9749848798,4.4197946897,COBE-SST2,5
1985-10-01,29.4373449826,25.0308122687,4.4065327139,COBE-SST2,5
1985-11-01,29.6458886513,25.1830904783,4.4627981731,COBE-SST2,5
1985-12-01,29.4491645026,25.1375473658,4.3116171368,COBE-SST2,5
1986-01-01,29.3366796232,25.3725114054,3.9641682178,COBE-SST2,5
1986-02-01,29.2517038062,26.2477539643,3.0039498419,COBE-SST2,5
1986-03-01,29.4355648269,26.9609237532,2.4746410737,COBE-SST2,5
1986-04-01,29.3830628995,27.2630263584,2.1200365411,COBE-SST2,5
1986-05-01,29.6741081969,26.9858948752,2.6882133217,COBE-SST2,5
1986-06-01,29.4210056506,26.6014739933,2.8195316573,COBE-SST2,5
1986-07-01,29.2904990618,26.2264837712,3.0640152906,COBE-SST2,5
1986-08-01,29.1434721060,25.8621845719,3.2812875342,COBE-SST2,5
1986-09-01,28.9985172440,26.0102131504,2.9883040936,COBE-SST2,5
1986-10-01,29.2241319722,26.2414022508,2.9827297214,COBE-SST2,5
1986-11-01,29.3417756505,26.7489797107,2.5927959398,COBE-SST2,5
1986-12-01,28.9226481180,26.8106606706,2.1119874474,COBE-SST2,5
1987-01-01,29.0216699938,27.1550955946,1.8665743992,COBE-SST2,5
1987-02-01,28.9392234314,27.6507142788,1.2885091525,COBE-SST2,5
1987-03-01,29.2409402168,28.3416619783,0.8992782385,COBE-SST2,5
1987-04-01,29.3414702152,28.6291783339,0.7122918813,COBE-SST2,5
1987-05-01,29.4357859751,28.4019273432,1.0338586320,COBE-SST2,5
1987-06-01,29.2916681218,28.0380096308,1.2536584910,COBE-SST2,5
1987-07-01,28.7729769695,27.6316115071,1.1413654624,COBE-SST2,5
1987-08-01,28.6706982601,27.1018523434,1.5688459167,COBE-SST2,5
1987-09-01,29.0116285747,27.0958398034,1.9157887713,COBE-SST2,5
1987-10-01,29.4193205235,26.8885247588,2.5307957647,COBE-SST2,5
1987-11-01,29.8617127288,26.7934291799,3.0682835488,COBE-SST2,5
1987-12-01,29.5462755973,26.6394545577,2.9068210397,COBE-SST2,5
1988-01-01,29.1477651753,26.6394458950,2.5083192803,COBE-SST2,5
1988-02-01,29.0484354881,26.7463237009,2.3021117872,COBE-SST2,5
1988-03-01,29.0909270653,27.0747932067,2.0161338586,COBE-SST2,5
1988-04-01,29.2486586475,27.0379207154,2.2107379321,COBE-SST2,5
1988-05-01,29.2269905693,26.1146233869,3.1123671824,COBE-SST2,5
1988-06-01,29.3925751565,25.0776397225,4.3149354340,COBE-SST2,5
1988-07-01,29.3457429458,24.4940696460,4.8516732998,COBE-SST2,5
1988-08-01,29.1832169863,24.2548429704,4.9283740159,COBE-SST2,5
1988-09-01,29.0018577028,24.2635515090,4.7383061939,COBE-SST2,5
1988-10-01,29.0534204814,24.0257959868,5.0276244947,COBE-SST2,5
1988-11-01,29.0143775123,24.0049869608,5.0093905516,COBE-SST2,5
1988-12-01,29.0051478463,24.0368655729,4.9682822734,COBE-SST2,5
1989-01-01,29.0250900787,24.4841246924,4.5409653863,COBE-SST2,5
1989-02-01,28.9164613137,25.4366443670,3.4798169467,COBE-SST2,5
1989-03-01,29.0092615404,26.1816452126,2.8276163278,COBE-SST2,5
1989-04-01,29.1687492632,26.7304485928,2.4383006704,COBE-SST2,5
1989-05-01,29.2724411199,26.4823246798,2.7901164401,COBE-SST2,5
1989-06-01,29.1869833982,26.2068877130,2.9800956852,COBE-SST2,5
1989-07-01,29.3523006052,25.7807826879,3.5715179172,COBE-SST2,5
1989-08-01,29.1998011396,25.2847284513,3.9150726883,COBE-SST2,5
1989-09-01,29.4420042159,25.2184262448,4.2235779711,COBE-SST2,5
1989-10-01,29.5576839200,25.2663330419,4.2913508781,COBE-SST2,5
1989-11-01,29.5026945480,25.2564305793,4.2462639687,COBE-SST2,5
1989-12-01,29.4734029756,25.4039628440,4.0694401316,COBE-SST2,5
1990-01-01,29.4046547627,25.7435340251,3.6611207376,COBE-SST2,5
1990-02-01,29.3019851358,26.5954923472,2.7064927886,COBE-SST2,5
1990-03-01,29.3856957235,27.1488217872,2.2368739363,COBE-SST2,5
1990-04-01,29.4794053768,27.7145395442,1.7648658325,COBE-SST2,5
1990-05-01,29.7176319989,27.5727261171,2.1449058817,COBE-SST2,5
1990-06-01,29.6648308526,26.9479207713,2.7169100812,COBE-SST2,5
1990-07-01,29.4204783350,26.2097588287,3.2107195064,COBE-SST2,5
1990-08-01,29.3711093321,25.7188680030,3.6522413291,COBE-SST2,5
1990-09-01,29.4136811235,25.6776166865,3.7360644370,COBE-SST2,5
1990-10-01,29.7830422713,25.5933371440,4.1897051273,COBE-SST2,5
1990-11-01,29.7454895787,25.6496183383,4.0958712404,COBE-SST2,5
1990-12-01,29.3633786488,25.8756594756,3.4877191732,COBE-SST2,5
1991-01-01,29.2193972581,26.1750373501,3.0443599081,COBE-SST2,5
1991-02-01,29.2940763777,26.7029708498,2.5911055280,COBE-SST2,5
1991-03-01,29.3748920357,27.2597872508,2.1151047850,COBE-SST2,5
1991-04-01,29.7149635538,27.6915445567,2.0234189971,COBE-SST2,5
1991-05-01,29.7069646776,27.7909535941,1.9160110835,COBE-SST2,5
1991-06-01,29.6201247167,27.5472157452,2.0729089715,COBE-SST2,5
1991-07-01,29.4447752040,27.0723543208,2.3724208832,COBE-SST2,5
1991-08-01,29.2639403081,26.4047903960,2.8591499121,COBE-SST2,5
1991-09-01,29.1926240168,26.0292251666,3.1633988502,COBE-SST2,5
1991-10-01,29.3130842899,26.3627068703,2.9503774195,COBE-SST2,5
1991-11-01,29.3570395545,26.7913751441,2.5656644104,COBE-SST2,5
1991-12-01,29.1108675114,27.2664394296,1.8444280818,COBE-SST2,5
1992-01-01,28.5888048100,27.5088739535,1.0799308565,COBE-SST2,5
1992-02-01,28.6132528744,27.9295740869,0.6836787875,COBE-SST2,5
1992-03-01,28.6740749262,28.3797544264,0.2943204998,COBE-SST2,5
1992-04-01,29.0737410712,28.7215091012,0.3522319701,COBE-SST2,5
1992-05-01,29.2218797545,28.4280104832,0.7938692712,COBE-SST2,5
1992-06-01,29.3141172180,27.5288979074,1.7852193106,COBE-SST2,5
1992-07-01,29.1418239658,26.4925294102,2.6492945556,COBE-SST2,5
1992-08-01,29.1537225391,25.5588999516,3.5948225875,COBE-SST2,5
1992-09-01,29.4107434132,25.3504073204,4.0603360928,COBE-SST2,5
1992-10-01,29.5405659834,25.3408536542,4.1997123292,COBE-SST2,5
1992-11-01,29.4050498719,25.7007961629,3.7042537091,COBE-SST2,5
1992-12-01,29.3404447371,25.7415561533,3.5988885837,COBE-SST2,5
1993-01-01,28.9256921782,26.0353484187,2.8903437595,COBE-SST2,5
1993-02-01,28.7718961999,26.8896187477,1.8822774523,COBE-SST2,5
1993-03-01,28.8841455167,27.6102907744,1.2738547423,COBE-SST2,5
1993-04-01,29.0854500511,28.3747523241,0.7106977270,COBE-SST2,5
1993-05-01,29.0794401823,28.3014130628,0.7780271195,COBE-SST2,5
1993-06-01,29.0292812795,27.5944637205,1.4348175589,COBE-SST2,5
1993-07-01,28.9555543664,26.7110269578,2.2445274086,COBE-SST2,5
1993-08-01,28.5764711040,25.8931596555,2.6833114485,COBE-SST2,5
1993-09-01,28.8771084554,25.8140668197,3.0630416357,COBE-SST2,5
1993-10-01,28.9777787825,26.0096097023,2.9681690802,COBE-SST2,5
1993-11-01,29.5321800650,26.0092979340,3.5228821310,COBE-SST2,5
1993-12-01,29.5285307052,25.9923088826,3.5362218226,COBE-SST2,5
1994-01-01,29.2403414051,26.0932131698,3.1471282352,COBE-SST2,5
1994-02-01,29.3061602467,26.4476655105,2.8584947361,COBE-SST2,5
1994-03-01,29.4366812869,26.9797610069,2.4569202800,COBE-SST2,5
1994-04-01,29.4473099209,27.3930399490,2.0542699719,COBE-SST2,5
1994-05-01,29.5296596279,27.3123818812,2.2172777467,COBE-SST2,5
1994-06-01,29.5916220474,26.9134547913,2.6781672561,COBE-SST2,5
1994-07-01,29.3510416452,26.1623344507,3.1887071944,COBE-SST2,5
1994-08-01,29.1940116381,25.8466363963,3.3473752419,COBE-SST2,5
1994-09-01,29.0296170943,25.8896381207,3.1399789736,COBE-SST2,5
1994-10-01,29.2953941883,26.4645760635,2.8308181248,COBE-SST2,5
1994-11-01,29.6626282563,26.6430930738,3.0195351825,COBE-SST2,5
1994-12-01,29.4726896665,26.6873476812,2.7853419853,COBE-SST2,5
1995-01-01,29.2032345865,26.8884132303,2.3148213561,COBE-SST2,5
1995-02-01,29.3276080393,27.1818998451,2.1457081942,COBE-SST2,5
1995-03-01,29.5286291403,27.2359741662,2.2926549740,COBE-SST2,5
1995-04-01,29.6104834816,27.3225462387,2.2879372428,COBE-SST2,5
1995-05-01,29.8193907661,26.8680714796,2.9513192865,COBE-SST2,5
1995-06-01,29.7407117167,26.6360242867,3.1046874300,COBE-SST2,5
1995-07-01,29.7113210689,25.9642085525,3.7471125163,COBE-SST2,5
1995-08-01,29.5353445783,25.1876166152,4.3477279631,COBE-SST2,5
1995-09-01,29.5902900389,24.8708760199,4.7194140190,COBE-SST2,5
1995-10-01,29.7242487316,24.7845392798,4.9397094517,COBE-SST2,5
1995-11-01,29.6580839620,24.5764894172,5.0815945448,COBE-SST2,5
1995-12-01,29.9110542875,24.5604187634,5.3506355242,COBE-SST2,5
1996-01-01,29.9876525453,25.1056165147,4.8820360307,COBE-SST2,5
1996-02-01,29.7424724004,25.8383148979,3.9041575025,COBE-SST2,5
1996-03-01,29.4761348461,26.7268130846,2.7493217615,COBE-SST2,5
1996-04-01,29.4576265534,26.9806418634,2.4769846899,COBE-SST2,5
1996-05-01,29.5229721583,26.8510452628,2.6719268955,COBE-SST2,5
1996-06-01,29.6052642878,26.3860283194,3.2192359683,COBE-SST2,5
1996-07-01,29.5580198942,25.8233592384,3.7346606559,COBE-SST2,5
1996-08-01,29.6058408815,25.3194811743,4.2863597072,COBE-SST2,5
1996-09-01,29.8491334544,24.9835759009,4.8655575534,COBE-SST2,5
1996-10-01,29.8562215234,25.0607175299,4.7955039935,COBE-SST2,5
1996-11-01,29.8619052468,25.0702632366,4.7916420102,COBE-SST2,5
1996-12-01,29.9096210870,24.7954618004,5.1141592865,COBE-SST2,5
1997-01-01,29.6617248628,25.1964318663,4.4652929965,COBE-SST2,5
1997-02-01,29.6938796147,26.0592958796,3.6345837351,COBE-SST2,5
1997-03-01,29.4371705933,27.0200793207,2.4170912726,COBE-SST2,5
1997-04-01,29.4887275391,27.8298372526,1.6588902865,COBE-SST2,5
1997-05-01,29.5068484920,28.2788047342,1.2280437578,COBE-SST2,5
1997-06-01,29.3111603028,28.3300900144,0.9810702884,COBE-SST2,5
1997-07-01,29.2601091189,28.2437123757,1.0163967432,COBE-SST2,5
1997-08-01,28.6500599131,28.1989680864,0.4510918266,COBE-SST2,5
1997-09-01,28.7237407021,28.2816058046,0.4421348975,COBE-SST2,5
1997-10-01,28.9333885852,28.4958950338,0.4374935515,COBE-SST2,5
1997-11-01,29.3185626959,28.6923694427,0.6261932532,COBE-SST2,5
1997-12-01,29.5029428535,28.7730290997,0.7299137538,COBE-SST2,5
1998-01-01,28.8474326645,28.9794756841,-0.1320430196,COBE-SST2,5
1998-02-01,28.6693773649,28.8937815706,-0.2244042057,COBE-SST2,5
1998-03-01,28.7481963829,28.9565262444,-0.2083298615,COBE-SST2,5
1998-04-01,28.8723927298,28.9160887834,-0.0436960537,COBE-SST2,5
1998-05-01,29.1861470339,28.3610427037,0.8251043302,COBE-SST2,5
1998-06-01,29.2009594352,26.8029440740,2.3980153613,COBE-SST2,5
1998-07-01,29.2060800618,25.7790616074,3.4270184544,COBE-SST2,5
1998-08-01,29.1902192314,25.0830607794,4.1071584520,COBE-SST2,5
1998-09-01,29.3302967608,24.9520517336,4.3782450272,COBE-SST2,5
1998-10-01,29.2541597869,24.6725251518,4.5816346351,COBE-SST2,5
1998-11-01,29.3528378354,24.6773778048,4.6754600306,COBE-SST2,5
1998-12-01,29.4758784290,24.4171234336,5.0587549954,COBE-SST2,5
1999-01-01,29.2375500442,24.7159060838,4.5216439604,COBE-SST2,5
1999-02-01,28.7688516378,25.7073091671,3.0615424707,COBE-SST2,5
1999-03-01,28.7150228804,26.6164194299,2.0986034505,COBE-SST2,5
1999-04-01,28.8322460069,26.9007219111,1.9315240958,COBE-SST2,5
1999-05-01,29.1423934075,26.7838329611,2.3585604464,COBE-SST2,5
1999-06-01,29.1987228729,26.1695967332,3.0291261397,COBE-SST2,5
1999-07-01,29.0681633361,25.5322877134,3.5358756228,COBE-SST2,5
1999-08-01,29.0317932016,24.8523894527,4.1794037489,COBE-SST2,5
1999-09-01,29.2183308288,24.5677124578,4.6506183709,COBE-SST2,5
1999-10-01,29.2818924569,24.3987008605,4.8831915964,COBE-SST2,5
1999-11-01,29.3435923217,24.1627776237,5.1808146980,COBE-SST2,5
1999-12-01,29.3974634353,24.2260579885,5.1714054468,COBE-SST2,5
2000-01-01,29.3536577781,24.5091461677,4.8445116104,COBE-SST2,5
2000-02-01,29.1781308098,25.4144649582,3.7636658515,COBE-SST2,5
2000-03-01,28.9592066098,26.5203143625,2.4388922474,COBE-SST2,5
2000-04-01,28.9224424859,27.2773838131,1.6450586728,COBE-SST2,5
2000-05-01,29.1026254571,27.0186903792,2.0839350780,COBE-SST2,5
2000-06-01,29.2823822134,26.3809820851,2.9014001283,COBE-SST2,5
2000-07-01,29.3252488902,25.7739778254,3.5512710648,COBE-SST2,5
2000-08-01,29.4169924481,25.2905748337,4.1264176143,COBE-SST2,5
2000-09-01,29.6704202961,25.1678057575,4.5026145386,COBE-SST2,5
2000-10-01,29.8166482725,25.1556486688,4.6609996037,COBE-SST2,5
2000-11-01,29.9086819156,24.9974670323,4.9112148833,COBE-SST2,5
2000-12-01,29.7429964368,25.0663016044,4.6766948324,COBE-SST2,5
2001-01-01,29.7857734834,25.4779010894,4.3078723940,COBE-SST2,5
2001-02-01,29.3055630161,26.1344562180,3.1711067980,COBE-SST2,5
2001-03-01,29.3477033649,27.0767364018,2.2709669631,COBE-SST2,5
2001-04-01,29.5070574906,27.5745165391,1.9325409516,COBE-SST2,5
2001-05-01,29.5412096161,27.1467587234,2.3944508928,COBE-SST2,5
2001-06-01,29.5648450781,26.8742613950,2.6905836831,COBE-SST2,5
2001-07-01,29.3824593822,26.2680229101,3.1144364720,COBE-SST2,5
2001-08-01,29.3050572733,25.6288213748,3.6762358985,COBE-SST2,5
2001-09-01,29.8225732495,25.2632063613,4.5593668882,COBE-SST2,5
2001-10-01,29.9673633745,25.1497070254,4.8176563491,COBE-SST2,5
2001-11-01,30.1476363686,25.1862979012,4.9613384674,COBE-SST2,5
2001-12-01,29.7611164068,25.2062834211,4.5548329857,COBE-SST2,5
2002-01-01,29.5668189661,25.8653097110,3.7015092550,COBE-SST2,5
2002-02-01,29.4375778314,26.5932403526,2.8443374788,COBE-SST2,5
2002-03-01,29.3214701641,27.3075861636,2.0138840005,COBE-SST2,5
2002-04-01,29.7338477546,27.8086631831,1.9251845715,COBE-SST2,5
2002-05-01,29.9998078527,27.8091543731,2.1906534796,COBE-SST2,5
2002-06-01,29.7800181725,27.5926343593,2.1873838132,COBE-SST2,5
2002-07-01,29.4312872997,26.8567116796,2.5745756201,COBE-SST2,5
2002-08-01,29.2343714490,26.4095023949,2.8248690542,COBE-SST2,5
2002-09-01,29.3251685357,26.5425493201,2.7826192156,COBE-SST2,5
2002-10-01,29.3102481840,26.7973191957,2.5129289883,COBE-SST2,5
2002-11-01,29.7266696371,27.1926939313,2.5339757058,COBE-SST2,5
2002-12-01,29.4052713511,27.1364370752,2.2688342759,COBE-SST2,5
2003-01-01,29.2959091318,26.8700088395,2.4259002923,COBE-SST2,5
2003-02-01,29.3597606789,27.0460050190,2.3137556599,COBE-SST2,5
2003-03-01,29.5406110686,27.5563995936,1.9842114750,COBE-SST2,5
2003-04-01,29.7948702817,27.4270481519,2.3678221299,COBE-SST2,5
2003-05-01,29.9382183992,26.7452818871,3.1929365121,COBE-SST2,5
2003-06-01,29.8709937907,26.6671887865,3.2038050042,COBE-SST2,5
2003-07-01,29.7468232337,26.3914220679,3.3554011658,COBE-SST2,5
2003-08-01,29.6202453932,25.8550721422,3.7651732510,COBE-SST2,5
2003-09-01,29.6744264464,25.8257668430,3.8486596034,COBE-SST2,5
2003-10-01,30.0776422037,26.1060643780,3.9715778257,COBE-SST2,5
2003-11-01,30.1850713086,26.1174192839,4.0676520247,COBE-SST2,5
2003-12-01,30.0163592177,26.1915090510,3.8248501667,COBE-SST2,5
2004-01-01,29.8398328804,26.3608614987,3.4789713817,COBE-SST2,5
2004-02-01,29.7924792022,26.8047782045,2.9877009977,COBE-SST2,5
2004-03-01,29.7148362398,27.1618337948,2.5530024451,COBE-SST2,5
2004-04-01,29.7673918905,27.5276150874,2.2397768031,COBE-SST2,5
2004-05-01,29.8656695633,27.2350810414,2.6305885219,COBE-SST2,5
2004-06-01,29.5193453766,26.8929598741,2.6263855026,COBE-SST2,5
2004-07-01,29.4867550167,26.4992793270,2.9874756897,COBE-SST2,5
2004-08-01,29.2499829301,26.1122088814,3.1377740486,COBE-SST2,5
2004-09-01,29.5490288853,26.0380256468,3.5110032385,COBE-SST2,5
2004-10-01,29.7980499244,26.2627109539,3.5353389705,COBE-SST2,5
2004-11-01,30.0856469646,26.4560106143,3.6296363503,COBE-SST2,5
2004-12-01,29.9914437767,26.4805779506,3.5108658261,COBE-SST2,5
2005-01-01,29.8194500610,26.3511469342,3.4683031268,COBE-SST2,5
2005-02-01,29.5117923488,26.5114854147,3.0003069342,COBE-SST2,5
2005-03-01,29.6279508970,27.2663180248,2.3616328722,COBE-SST2,5
2005-04-01,29.6372936619,27.6482806957,1.9890129662,COBE-SST2,5
2005-05-01,29.8335905040,27.6962737559,2.1373167481,COBE-SST2,5
2005-06-01,29.7916984556,27.2255436563,2.5661547994,COBE-SST2,5
2005-07-01,29.7847762203,26.4961703321,3.2886058882,COBE-SST2,5
2005-08-01,29.5221230866,25.7575492445,3.7645738421,COBE-SST2,5
2005-09-01,29.6071367216,25.5441476783,4.0629890433,COBE-SST2,5
2005-10-01,29.9966748211,25.4027736501,4.5939011710,COBE-SST2,5
2005-11-01,30.0858826770,25.0336753534,5.0522073236,COBE-SST2,5
2005-12-01,29.9753685851,24.7463243627,5.2290442224,COBE-SST2,5
2006-01-01,29.7748340386,25.1090667383,4.6657673003,COBE-SST2,5
2006-02-01,29.3636832167,26.1017451736,3.2619380430,COBE-SST2,5
2006-03-01,29.4029221508,26.6810705535,2.7218515973,COBE-SST2,5
2006-04-01,29.4565132821,27.3514163715,2.1050969106,COBE-SST2,5
2006-05-01,29.8919153403,27.3411323312,2.5507830092,COBE-SST2,5
2006-06-01,30.0214663472,27.0476556984,2.9738106488,COBE-SST2,5
2006-07-01,29.5730547704,26.4920713624,3.0809834080,COBE-SST2,5
2006-08-01,29.2691231570,26.2314855904,3.0376375666,COBE-SST2,5
2006-09-01,29.6324336671,26.3428119138,3.2896217533,COBE-SST2,5
2006-10-01,29.5173385621,26.4913268571,3.0260117049,COBE-SST2,5
2006-11-01,29.7138858508,26.7115637765,3.0023220743,COBE-SST2,5
2006-12-01,29.8143225093,26.7817155127,3.0326069966,COBE-SST2,5
2007-01-01,29.7358315769,26.6171501133,3.1186814636,COBE-SST2,5
2007-02-01,29.5801162155,26.6632308276,2.9168853879,COBE-SST2,5
2007-03-01,29.8273665244,26.9579171257,2.8694493987,COBE-SST2,5
2007-04-01,29.7990965661,27.3361042288,2.4629923372,COBE-SST2,5
2007-05-01,29.8649042772,26.9385539395,2.9263503376,COBE-SST2,5
2007-06-01,29.9001737579,26.4982737346,3.4019000233,COBE-SST2,5
2007-07-01,29.6506127746,25.8011733165,3.8494394581,COBE-SST2,5
2007-08-01,29.6487973891,25.0710016667,4.5777957225,COBE-SST2,5
2007-09-01,29.7646761693,24.6130787245,5.1515974448,COBE-SST2,5
2007-10-01,29.8689175914,24.2248435759,5.6440740155,COBE-SST2,5
2007-11-01,29.5059538401,23.9802360664,5.5257177737,COBE-SST2,5
2007-12-01,29.4378817195,23.9672087483,5.4706729712,COBE-SST2,5
2008-01-01,29.0833711042,24.2961928603,4.7871782439,COBE-SST2,5
2008-02-01,28.9380732795,25.1515039736,3.7865693059,COBE-SST2,5
2008-03-01,28.8425764275,26.3198940728,2.5226823547,COBE-SST2,5
2008-04-01,28.9181241413,26.8867455411,2.0313786002,COBE-SST2,5
2008-05-01,29.1852898181,27.0037935268,2.1814962913,COBE-SST2,5
2008-06-01,29.1369647105,26.6984213822,2.4385433283,COBE-SST2,5
2008-07-01,29.2232799312,26.3652408560,2.8580390752,COBE-SST2,5
2008-08-01,29.3211535246,26.0522188676,3.2689346570,COBE-SST2,5
2008-09-01,29.4590929604,25.6326162859,3.8264766746,COBE-SST2,5
2008-10-01,29.6590923651,25.5923152210,4.0667771441,COBE-SST2,5
2008-11-01,29.4817006100,25.4488508387,4.0328497713,COBE-SST2,5
2008-12-01,29.5590433298,24.9318626281,4.6271807017,COBE-SST2,5
2009-01-01,29.5269823734,25.2806293910,4.2463529824,COBE-SST2,5
2009-02-01,29.2245169143,25.9514381628,3.2730787515,COBE-SST2,5
2009-03-01,29.1410838358,26.6486241154,2.4924597204,COBE-SST2,5
2009-04-01,29.5427668868,27.5086274527,2.0341394341,COBE-SST2,5
2009-05-01,29.8851171049,27.7380281511,2.1470889537,COBE-SST2,5
2009-06-01,29.8424187986,27.6221561793,2.2202626193,COBE-SST2,5
2009-07-01,29.6225832574,27.1256532965,2.4969299609,COBE-SST2,5
2009-08-01,29.6899295611,26.4577681197,3.2321614414,COBE-SST2,5
2009-09-01,29.7487333883,26.3503689090,3.3983644793,COBE-SST2,5
2009-10-01,29.7564000063,26.4999701639,3.2564298424,COBE-SST2,5
2009-11-01,29.9454819630,26.9909323847,2.9545495783,COBE-SST2,5
2009-12-01,29.5045230004,27.2215301211,2.2829928793,COBE-SST2,5
2010-01-01,29.3426161022,27.3840355449,1.9585805573,COBE-SST2,5
2010-02-01,29.1380951577,27.6133155286,1.5247796292,COBE-SST2,5
2010-03-01,29.5247194372,28.0334948102,1.4912246270,COBE-SST2,5
2010-04-01,29.8666551813,28.2112232277,1.6554319536,COBE-SST2,5
2010-05-01,30.0255481336,27.4045452907,2.6210028429,COBE-SST2,5
2010-06-01,29.9091256895,26.4193663379,3.4897593516,COBE-SST2,5
2010-07-01,29.5571753357,25.4164956377,4.1406796980,COBE-SST2,5
2010-08-01,29.1618914362,24.6237136198,4.5381778164,COBE-SST2,5
2010-09-01,29.0899292480,24.2730489262,4.8168803218,COBE-SST2,5
2010-10-01,29.2248048613,24.1733724593,5.0514324020,COBE-SST2,5
2010-11-01,29.2736818789,24.1927638448,5.0809180341,COBE-SST2,5
2010-12-01,29.1261456749,24.0541108016,5.0720348732,COBE-SST2,5
2011-01-01,29.2854553031,24.5362782520,4.7491770511,COBE-SST2,5
2011-02-01,29.5205450086,25.7458368639,3.7747081447,COBE-SST2,5
2011-03-01,29.5019500087,26.4814705886,3.0204794201,COBE-SST2,5
2011-04-01,29.6202975178,27.2714759513,2.3488215665,COBE-SST2,5
2011-05-01,29.6413790658,27.2144841982,2.4268948676,COBE-SST2,5
2011-06-01,29.5776258160,26.9195344696,2.6580913465,COBE-SST2,5
2011-07-01,29.3047643465,26.2595324039,3.0452319426,COBE-SST2,5
2011-08-01,29.2884384556,25.4195160258,3.8689224298,COBE-SST2,5
2011-09-01,29.4018984817,25.0214207345,4.3804777472,COBE-SST2,5
2011-10-01,29.4860668439,24.9366550274,4.5494118165,COBE-SST2,5
2011-11-01,29.7250334659,24.7360779963,4.9889554696,COBE-SST2,5
2011-12-01,29.4148645646,24.8932715734,4.5215929912,COBE-SST2,5
2012-01-01,29.2911110064,25.3208503884,3.9702606180,COBE-SST2,5
2012-02-01,29.0381625962,26.2811776362,2.7569849601,COBE-SST2,5
2012-03-01,29.0530982894,27.1531410111,1.8999572783,COBE-SST2,5
2012-04-01,29.3071676273,27.6951635154,1.6120041120,COBE-SST2,5
2012-05-01,29.6470124816,27.5042494920,2.1427629896,COBE-SST2,5
2012-06-01,29.6223286958,27.3239268913,2.2984018044,COBE-SST2,5
2012-07-01,29.4448525666,27.1118886184,2.3329639482,COBE-SST2,5
2012-08-01,29.3873499317,26.7951889773,2.5921609544,COBE-SST2,5
2012-09-01,29.6961599101,26.1016596998,3.5945002103,COBE-SST2,5
2012-10-01,29.8909445591,25.7819918593,4.1089526997,COBE-SST2,5
2012-11-01,30.1956542914,26.1458126440,4.0498416475,COBE-SST2,5
2012-12-01,29.9508896580,25.7222120168,4.2286776412,COBE-SST2,5
2013-01-01,29.7960384997,25.5530071466,4.2430313531,COBE-SST2,5
2013-02-01,29.5951502131,26.2813362825,3.3138139306,COBE-SST2,5
2013-03-01,29.5088860778,27.3367234011,2.1721626767,COBE-SST2,5
2013-04-01,29.5058219386,27.5424351423,1.9633867963,COBE-SST2,5
2013-05-01,29.6400702476,26.8676729866,2.7723972610,COBE-SST2,5
2013-06-01,29.7751905439,26.1692039538,3.6059865901,COBE-SST2,5
2013-07-01,29.9007046220,25.6177856269,4.2829189951,COBE-SST2,5
2013-08-01,29.8244052079,25.2626980827,4.5617071251,COBE-SST2,5
2013-09-01,30.0340928026,25.3686359443,4.6654568583,COBE-SST2,5
2013-10-01,30.1114778860,25.4940621113,4.6174157747,COBE-SST2,5
2013-11-01,30.1091954038,25.4380660919,4.6711293119,COBE-SST2,5
2013-12-01,30.1795850579,25.3816873532,4.7978977047,COBE-SST2,5
2014-01-01,29.8078944303,25.6373354232,4.1705590071,COBE-SST2,5
2014-02-01,29.6774334458,26.1317944806,3.5456389651,COBE-SST2,5
2014-03-01,29.6663737196,27.1621088536,2.5042648660,COBE-SST2,5
2014-04-01,29.6352692863,27.9273793568,1.7078899295,COBE-SST2,5
2014-05-01,29.9411443186,27.9641525504,1.9769917682,COBE-SST2,5
2014-06-01,30.0745989867,27.4627250182,2.6118739686,COBE-SST2,5
2014-07-01,29.7036723776,26.6802684121,3.0234039655,COBE-SST2,5
2014-08-01,29.7370460501,25.9828993243,3.7541467258,COBE-SST2,5
2014-09-01,29.9969888212,26.0257546570,3.9712341642,COBE-SST2,5
2014-10-01,30.1962376971,26.2330639397,3.9631737575,COBE-SST2,5
2014-11-01,30.2589619665,26.5585443147,3.7004176518,COBE-SST2,5
2014-12-01,30.2448126845,26.5234385885,3.7213740959,COBE-SST2,5
2015-01-01,30.0103504715,26.4561965503,3.5541539212,COBE-SST2,5
2015-02-01,29.7368309512,26.8999325308,2.8368984205,COBE-SST2,5
2015-03-01,29.5704192291,27.5715839989,1.9988352302,COBE-SST2,5
2015-04-01,29.9488631823,28.3950799695,1.5537832128,COBE-SST2,5
2015-05-01,29.8377648461,28.5245695382,1.3131953079,COBE-SST2,5
2015-06-01,29.7723433260,28.4120184329,1.3603248932,COBE-SST2,5
2015-07-01,29.3511167362,28.1150493514,1.2360673848,COBE-SST2,5
2015-08-01,28.8341981493,27.8213530567,1.0128450926,COBE-SST2,5
2015-09-01,29.1629309287,27.7653912353,1.3975396935,COBE-SST2,5
2015-10-01,29.2495763404,28.0171617089,1.2324146315,COBE-SST2,5
2015-11-01,29.9411440849,28.6014943283,1.3396497566,COBE-SST2,5
2015-12-01,29.8180164399,28.6551863836,1.1628300563,COBE-SST2,5
2016-01-01,29.5126741794,28.6558862906,0.8567878888,COBE-SST2,5
2016-02-01,29.3454937940,28.7365130386,0.6089807554,COBE-SST2,5
2016-03-01,29.6255178191,28.9238651531,0.7016526659,COBE-SST2,5
2016-04-01,29.7401772305,28.7938136946,0.9463635359,COBE-SST2,5
2016-05-01,29.9772077139,27.9326415232,2.0445661907,COBE-SST2,5
2016-06-01,30.2092200671,27.0959816863,3.1132383808,COBE-SST2,5
2016-07-01,30.1436625207,26.0361912109,4.1074713098,COBE-SST2,5
2016-08-01,30.1290344427,25.2488321913,4.8802022515,COBE-SST2,5
2016-09-01,30.2729685084,25.2771633342,4.9958051742,COBE-SST2,5
2016-10-01,30.2452134235,25.0643529992,5.1808604243,COBE-SST2,5
2016-11-01,30.1616764875,25.1730041878,4.9886722997,COBE-SST2,5
2016-12-01,30.0794672752,25.1764302996,4.9030369756,COBE-SST2,5
2017-01-01,30.0275990776,25.8363602493,4.1912388282,COBE-SST2,5
2017-02-01,29.8589424945,26.8862241220,2.9727183725,COBE-SST2,5
2017-03-01,29.8291571819,27.7720384035,2.0571187784,COBE-SST2,5
2017-04-01,29.7354066573,28.1904068273,1.5449998300,COBE-SST2,5
2017-05-01,30.0005460114,27.8257246746,2.1748213368,COBE-SST2,5
2017-06-01,30.0649317656,27.2474892195,2.8174425461,COBE-SST2,5
2017-07-01,29.8530809430,26.5483338549,3.3047470881,COBE-SST2,5
2017-08-01,29.9302948644,25.7502998295,4.1799950348,COBE-SST2,5
2017-09-01,30.0152968176,25.1416652805,4.8736315371,COBE-SST2,5
2017-10-01,29.8812063368,25.2361972862,4.6450090506,COBE-SST2,5
2017-11-01,30.2988442749,25.0174499176,5.2813943572,COBE-SST2,5
2017-12-01,30.0172346463,24.6504914330,5.3667432133,COBE-SST2,5
2018-01-01,29.9060057426,24.8994308223,5.0065749203,COBE-SST2,5
2018-02-01,29.6981912276,25.7402182700,3.9579729577,COBE-SST2,5
2018-03-01,29.7896458297,26.4299086212,3.3597372084,COBE-SST2,5
2018-04-01,29.7709553640,27.1741283713,2.5968269926,COBE-SST2,5
2018-05-01,29.9608978931,27.2447166171,2.7161812760,COBE-SST2,5
2018-06-01,30.0394176531,27.0608017072,2.9786159459,COBE-SST2,5
2018-07-01,29.8646086186,26.6332169783,3.2313916403,COBE-SST2,5
2018-08-01,29.9121800254,25.9880653328,3.9241146926,COBE-SST2,5
2018-09-01,29.8292864468,26.1022541359,3.7270323109,COBE-SST2,5
2018-10-01,30.1856109355,26.5293123163,3.6562986192,COBE-SST2,5
2018-11-01,30.1505272070,26.6260139344,3.5245132727,COBE-SST2,5
2018-12-01,29.8651987669,26.6469627808,3.2182359861,COBE-SST2,5
2019-01-01,29.6175795516,26.7690719708,2.8485075808,COBE-SST2,5
2019-02-01,29.4096134328,27.2022614955,2.2073519374,COBE-SST2,5
2019-03-01,29.5026737424,27.9750452982,1.5276284442,COBE-SST2,5
2019-04-01,29.5800343756,28.2646505430,1.3153838326,COBE-SST2,5
2019-05-01,29.8380310998,28.0911878550,1.7468432448,COBE-SST2,5
2019-06-01,29.8877927434,27.4050353126,2.4827574308,COBE-SST2,5
2019-07-01,29.9037638592,26.6367295654,3.2670342938,COBE-SST2,5
2019-08-01,29.8397681372,25.9849021455,3.8548659917,COBE-SST2,5
2019-09-01,29.9105030020,25.7114069880,4.1990960140,COBE-SST2,5
2019-10-01,30.4743961982,25.9243010667,4.5500951315,COBE-SST2,5
2019-11-01,30.1872966335,26.2106910747,3.9766055588,COBE-SST2,5
2019-12-01,30.0828897468,26.1416257008,3.9412640460,COBE-SST2,5
2020-01-01,30.0331816796,26.4296847277,3.6034969519,COBE-SST2,5
2020-02-01,29.8864880517,26.8669485352,3.0195395165,COBE-SST2,5
2020-03-01,30.0140801705,27.3785576958,2.6355224747,COBE-SST2,5
2020-04-01,30.0476159712,27.9235677454,2.1240482258,COBE-SST2,5
2020-05-01,30.0578101976,27.4019382191,2.6558719786,COBE-SST2,5
2020-06-01,30.2267958255,26.5033518816,3.7234439439,COBE-SST2,5
2020-07-01,30.0682672212,25.8889136257,4.1793535954,COBE-SST2,5
2020-08-01,29.9258445169,25.1914393137,4.7344052032,COBE-SST2,5
2020-09-01,29.8215064615,24.5440852713,5.2774211902,COBE-SST2,5
2020-10-01,29.8464210818,24.5484580491,5.2979630327,COBE-SST2,5
2020-11-01,29.7828407334,24.6024125446,5.1804281888,COBE-SST2,5
2020-12-01,29.7955522535,24.6985134869,5.0970387666,COBE-SST2,5
2021-01-01,29.4254343468,25.1633914017,4.2620429451,COBE-SST2,5
2021-02-01,29.3356297342,25.9189079528,3.4167217814,COBE-SST2,5
2021-03-01,29.5783464748,26.6144121924,2.9639342824,COBE-SST2,5
2021-04-01,29.7532728027,27.0509782209,2.7022945818,COBE-SST2,5
2021-05-01,29.8370068047,26.9946073390,2.8423994657,COBE-SST2,5
2021-06-01,29.8261825157,26.8636381453,2.9625443704,COBE-SST2,5
2021-07-01,29.6102620781,26.1661169646,3.4441451135,COBE-SST2,5
2021-08-01,29.9199800515,25.3857501084,4.5342299431,COBE-SST2,5
2021-09-01,29.8906800667,25.0384455077,4.8522345590,COBE-SST2,5
2021-10-01,29.9407156463,24.8583439191,5.0823717272,COBE-SST2,5
2021-11-01,29.9984213947,24.7728501045,5.2255712901,COBE-SST2,5
2021-12-01,29.7634965941,24.3502074854,5.4132891087,COBE-SST2,5
2022-01-01,29.8726508184,24.8621473038,5.0105035146,COBE-SST2,5
2022-02-01,29.8421025512,25.5202569352,4.3218456160,COBE-SST2,5
2022-03-01,29.7003807714,26.5094054983,3.1909752731,COBE-SST2,5
2022-04-01,29.5731360997,26.7579382082,2.8151978915,COBE-SST2,5
2022-05-01,29.7198068854,26.3039778518,3.4158290335,COBE-SST2,5
2022-06-01,29.7585085608,26.0813413040,3.6771672567,COBE-SST2,5
2022-07-01,29.3152578055,25.5088852169,3.8063725886,COBE-SST2,5
2022-08-01,29.3816958925,24.8022183171,4.5794775754,COBE-SST2,5
2022-09-01,29.4653747634,24.4481316234,5.0172431399,COBE-SST2,5
2022-10-01,29.4861609416,24.4239046130,5.0622563286,COBE-SST2,5
2022-11-01,29.7239972298,24.4956132928,5.2283839370,COBE-SST2,5
2022-12-01,29.7162518310,24.6043606864,5.1118911446,COBE-SST2,5
2023-01-01,29.7981562959,25.1482272196,4.6499290763,COBE-SST2,5
2023-02-01,29.4656669772,25.9549252675,3.5107417097,COBE-SST2,5
2023-03-01,29.7107745048,27.3348093550,2.3759651498,COBE-SST2,5
2023-04-01,29.8912416309,28.2211349669,1.6701066641,COBE-SST2,5
2023-05-01,30.0971100367,28.3300887986,1.7670212381,COBE-SST2,5
2023-06-01,30.0723002025,27.9299284795,2.1423717231,COBE-SST2,5
2023-07-01,29.9440454052,27.7477294180,2.1963159872,COBE-SST2,5
2023-08-01,29.8474624689,27.4126673576,2.4347951114,COBE-SST2,5
2023-09-01,30.0727695682,27.2750381211,2.7977314470,COBE-SST2,5
2023-10-01,30.1728975411,27.5274627182,2.6454348229,COBE-SST2,5
2023-11-01,29.9181578719,28.2227664453,1.6953914266,COBE-SST2,5
2023-12-01,29.8657198229,27.9237423564,1.9419774665,COBE-SST2,5
2024-01-01,30.0995248645,27.9896219787,2.1099028858,COBE-SST2,5
2024-02-01,29.9778349751,28.1256750196,1.8521599555,COBE-SST2,5
2024-03-01,30.2688324008,28.3373233715,1.9315090293,COBE-SST2,5
2024-04-01,30.2844836790,28.6018284231,1.6826552559,COBE-SST2,5
2024-05-01,30.4091744050,28.3217304964,2.0874439085,COBE-SST2,5
2024-06-01,30.4555339070,27.0699716914,3.3855622156,COBE-SST2,5
2024-07-01,30.3365415457,26.3464459717,3.9900955740,COBE-SST2,5
2024-08-01,30.2888855336,25.4598509668,4.8290345668,COBE-SST2,5
2024-09-01,30.3537261196,25.2114318951,5.1422942245,COBE-SST2,5
2024-10-01,30.4622356386,25.1906707280,5.2715649106,COBE-SST2,5
2024-11-01,30.3813193062,25.4831779291,4.8981413771,COBE-SST2,5
2024-12-01,29.9205277679,25.4054626447,4.5150651233,COBE-SST2,5
2025-01-01,30.0517981431,25.4303411372,4.6214570059,COBE-SST2,5
2025-02-01,29.8205294244,26.3549231588,3.4656062657,COBE-SST2,5
2025-03-01,29.7187981019,27.5876524625,2.1311456394,COBE-SST2,5
2025-04-01,29.4816977899,27.8804582134,1.6012395764,COBE-SST2,5
2025-05-01,29.8118440920,27.4183970231,2.3934470689,COBE-SST2,5
2025-06-01,29.9060868128,26.7468634045,3.1592234083,COBE-SST2,5
2025-07-01,29.9667842992,26.1496893990,3.8170949002,COBE-SST2,5
2025-08-01,30.0689103612,25.6134313526,4.4554790087,COBE-SST2,5
2025-09-01,29.8707829096,25.1746364686,4.6961464410,COBE-SST2,5
2025-10-01,29.9361443079,24.9934328717,4.9427114362,COBE-SST2,5
2025-11-01,29.8460804826,24.9928677222,4.8532127604,COBE-SST2,5
2025-12-01,29.9607622191,24.8790107083,5.0817515107,COBE-SST2,5
